touchdowns_pass_diff,touchdowns_rush_diff,touchdowns_total_diff,rushing_avg_yards_diff,rushing_attempts_diff,rushing_yards_diff,receiving_receptions_diff,receiving_avg_yards_diff,receiving_yards_diff,punts_attempts_diff,punts_avg_net_yards_diff,punt_returns_avg_yards_diff,penalties_diff,passing_attempts_diff,passing_completions_diff,passing_interceptions_diff,passing_avg_yards_diff,passing_poor_throws_diff,passing_defended_passes_diff,kickoffs_return_yards_diff,kick_returns_avg_yards_diff,kick_returns_touchdowns_diff,interceptions_diff,int_returns_avg_yards_diff,fumbles_diff,field_goals_attempts_diff,field_goals_made_diff,field_goals_avg_yards_diff,defense_tackles_diff,defense_assists_diff,defense_qb_hits_diff,matchup,outcome
3,4,6,0.71,26,429,-4,2.614,872,-35,-3.398,-3.479,1,-33,-4,9,2.024,-35,22,13,0.072,0,0,7.273,7,18,12,-12.709,-29,-12,-20,49ers vs Bears,1
-20,6,-15,0.591,77,589,-111,1.985,-494,-6,-5.493,1.894,10,-119,-111,7,0.757,3,-3,358,-0.535,-1,-4,-1.418,2,10,8,0.67,-17,-41,-25,49ers vs Bengals,0
-7,-15,-23,0.191,-34,-67,20,0.706,486,-8,-1.991,-2.405,-1,13,20,10,0.727,-15,9,80,2.641,0,-5,6.119,15,14,9,-4.381,-52,-5,-14,49ers vs Bills,0
-7,5,-5,0.594,-4,255,-30,2.629,616,-30,-4.217,-6.504,3,-37,-30,4,1.619,-7,7,244,0.516,0,-4,-13.485,12,9,2,-10.148,-40,-26,-62,49ers vs Broncos,0
4,9,13,0.62,66,555,-46,2.856,545,-42,-3.258,-0.812,-8,-128,-46,-7,2.432,-32,-23,172,3.687,0,7,15.682,6,16,15,0.06,-21,27,-28,49ers vs Browns,1
-18,1,-17,-0.518,-26,-373,-59,1.634,-81,-3,0.489,1.617,3,-38,-59,0,0.41,13,-1,222,2.193,0,4,11.182,0,11,3,-6.553,-33,36,-34,49ers vs Buccaneers,0
2,-1,0,-0.561,-6,-288,-25,2.358,565,-7,-4.876,-0.431,19,-10,-25,5,1.193,10,-2,377,0.156,-1,2,13.849,5,5,-1,-7.452,-9,-81,4,49ers vs Cardinals,0
0,0,1,0.668,-6,281,13,1.066,523,-25,-4.052,-2.767,15,23,13,13,0.651,8,8,105,2.061,0,-4,3.649,6,1,-6,-8.376,-16,20,-18,49ers vs Chargers,0
-3,2,0,0.755,7,373,-55,2.661,378,-15,-3.723,-0.715,17,-67,-55,5,1.557,-16,15,142,1.447,0,-2,7.336,16,6,1,-1.912,-16,47,-32,49ers vs Chiefs,0
3,-3,1,0.033,-39,-168,60,0.223,825,-21,-4.779,-0.658,18,20,60,-3,1.284,-36,-5,396,-0.757,0,-5,8.619,6,6,2,-2.723,-92,-80,-3,49ers vs Colts,0
-6,-8,-13,-0.246,-69,-456,-16,1.903,492,-3,-5.091,-1.212,0,8,-16,7,0.81,6,16,-940,-0.727,0,4,-6.675,6,1,-1,-2.16,11,-13,-8,49ers vs Commanders,0
0,11,9,0.759,28,458,-49,2.395,332,-15,-3.852,-0.654,-17,-104,-49,2,1.876,-36,-29,-204,-3.572,-2,-2,7.72,-3,-4,-7,-11.52,-7,-10,-25,49ers vs Cowboys,0
1,5,8,0.726,9,368,-64,2.904,388,-10,-2.91,-0.383,-3,-58,-64,6,1.471,1,6,419,-0.522,0,1,13.082,-2,2,-4,-8.746,29,4,-1,49ers vs Dolphins,0
-1,-12,-12,-0.175,-164,-885,46,1.069,907,-8,-4.118,0.009,8,85,46,10,0.45,16,14,20,2.001,0,-2,2.413,7,7,5,0.048,24,27,-7,49ers vs Eagles,0
2,-1,-1,0.25,-38,-56,-15,0.91,141,0,-0.531,-0.336,12,-26,-15,-3,0.638,2,-15,111,2.149,0,-1,-0.401,5,2,4,-1.235,-37,-15,6,49ers vs Falcons,0
8,4,12,0.528,33,380,-17,3.056,903,-30,-2.256,1.588,-1,-58,-17,3,2.342,-8,-13,391,0.21,-1,6,4.782,4,15,10,-4.653,-10,-102,-14,49ers vs Giants,1
4,4,8,0.557,43,434,6,1.839,707,-21,-7.015,-2.59,12,-13,6,1,1.492,-16,-3,574,2.826,0,5,8.349,7,14,6,-7.243,-69,-19,12,49ers vs Jaguars,1
-8,9,2,0.433,94,602,-36,2.245,408,-16,-2.874,1.127,-26,-74,-36,5,1.684,-24,0,45,-1.76,-1,4,12.611,6,15,13,3.235,-45,17,-4,49ers vs Jets,1
-16,-12,-28,0.074,-77,-325,-50,0.851,-294,2,-7.947,-3.758,4,-18,-50,4,-0.263,6,21,139,-2.884,0,-5,5.494,14,14,7,-8.243,18,83,-30,49ers vs Lions,0
-5,-6,-10,-0.012,-69,-333,41,-0.113,485,-9,-1.834,0.872,-1,54,41,5,0.077,-6,23,-426,0.316,0,-6,-1.759,8,5,1,-2.183,-14,-8,-11,49ers vs Packers,0
1,-1,2,0.153,47,285,8,2.673,1013,-27,-3.65,1.813,-7,-14,8,1,2.064,-26,12,-122,3.278,0,2,4.515,9,17,11,-2.324,-51,-131,16,49ers vs Panthers,1
5,6,12,0.318,11,194,7,2.901,1081,-23,-3.734,-5.045,0,4,7,5,1.981,-9,12,319,3.054,0,4,8.182,-4,10,7,-3.553,-17,-63,14,49ers vs Patriots,1
4,7,12,1.162,77,806,-61,2.635,307,-20,-4.728,-0.59,15,-102,-61,0,1.817,-26,-3,272,-1.049,0,1,2.182,8,3,-1,-4.184,7,-42,-6,49ers vs Raiders,1
1,2,1,0.811,7,398,-18,1.515,328,-16,-2.715,0.244,20,-26,-18,7,0.973,-20,0,467,1.137,0,-2,4.028,13,9,4,-3.974,-8,-74,8,49ers vs Rams,0
-18,-4,-23,-1.023,-97,-1026,31,-0.497,235,-8,-3.409,-0.494,-21,56,31,12,-0.482,7,20,53,1.483,0,-1,6.682,7,13,11,-1.642,3,1,-42,49ers vs Ravens,0
2,2,5,0.332,13,209,9,1.705,694,-28,-2.591,-3.354,1,-18,9,4,1.53,-8,1,-621,1.489,0,-3,3.111,10,12,6,-8.709,-49,11,-4,49ers vs Saints,1
2,0,-1,0.485,74,536,-64,2.073,45,-29,-5.507,1.748,-8,-60,-64,0,0.916,13,-10,-266,0.49,-1,-2,-5.433,5,13,7,-10.45,-23,-34,-32,49ers vs Seahawks,0
2,3,5,0.669,-76,-3,28,1.439,817,-21,-3.544,-1.133,9,34,28,10,1.072,0,20,-287,5.516,0,-6,2.888,4,-1,-8,-10.302,0,-4,-25,49ers vs Steelers,0
3,2,4,0.334,23,254,-8,1.606,472,-30,-6.139,0.895,-8,-37,-8,4,1.367,-30,7,-278,-2.875,0,-8,0.708,12,1,-3,-7.304,0,51,-18,49ers vs Texans,0
1,6,9,0.611,7,308,13,1.899,803,-28,-0.484,1.747,-21,3,13,-5,1.468,-19,14,-39,1.491,0,0,7.364,-2,16,8,-9.098,-12,-14,13,49ers vs Titans,1
-12,8,-5,0.674,0,308,-15,0.646,45,-10,-2.717,2.355,1,-15,-15,4,0.309,-1,6,449,4.159,0,-13,9.349,9,1,-2,-5.161,-22,-15,-33,49ers vs Vikings,0
-23,2,-21,-0.119,51,160,-107,-0.629,-1366,29,-2.095,5.373,9,-86,-107,-2,-1.267,38,-25,345,-0.607,-1,-4,-8.691,-5,-8,-4,13.379,12,-29,-5,Bears vs Bengals,0
-10,-19,-29,-0.519,-60,-496,24,-1.908,-386,27,1.407,1.074,-2,46,24,1,-1.297,20,-13,67,2.569,0,-5,-1.154,8,-4,-3,8.328,-23,7,6,Bears vs Bills,0
-10,1,-11,-0.116,-30,-174,-26,0.015,-256,5,-0.819,-3.025,2,-4,-26,-5,-0.405,28,-15,231,0.444,0,-4,-20.758,5,-9,-10,2.561,-11,-14,-42,Bears vs Broncos,0
1,5,7,-0.09,40,126,-42,0.242,-327,-7,0.14,2.667,-9,-95,-42,-16,0.408,3,-45,159,3.615,0,7,8.409,-1,-2,3,12.769,8,39,-8,Bears vs Browns,1
-21,-3,-23,-1.228,-52,-802,-55,-0.98,-953,32,3.887,5.096,2,-5,-55,-9,-1.614,48,-23,209,2.121,0,4,3.909,-7,-7,-9,6.156,-4,48,-14,Bears vs Buccaneers,0
-1,-5,-6,-1.271,-32,-717,-21,-0.256,-307,28,-1.478,3.048,18,23,-21,-4,-0.831,45,-24,364,0.084,-1,2,6.576,-2,-13,-13,5.257,20,-69,24,Bears vs Cardinals,0
-3,-4,-5,-0.042,-32,-148,17,-1.548,-349,10,-0.654,0.712,14,56,17,4,-1.373,43,-14,92,1.989,0,-4,-3.624,-1,-17,-18,4.333,13,32,2,Bears vs Chargers,0
-6,-2,-6,0.045,-19,-56,-51,0.047,-494,20,-0.325,2.764,16,-34,-51,-4,-0.467,19,-7,129,1.375,0,-2,0.063,9,-12,-11,10.797,13,59,-12,Bears vs Chiefs,0
0,-7,-5,-0.677,-65,-597,64,-2.391,-47,14,-1.381,2.821,17,53,64,-12,-0.74,-1,-27,383,-0.829,0,-5,1.346,-1,-12,-10,9.986,-63,-68,17,Bears vs Colts,0
-9,-12,-19,-0.956,-95,-885,-12,-0.711,-380,32,-1.693,2.267,-1,41,-12,-2,-1.214,41,-6,-953,-0.799,0,4,-13.948,-1,-17,-13,10.549,40,-1,12,Bears vs Commanders,0
-3,7,3,0.049,2,29,-45,-0.219,-540,20,-0.454,2.825,-18,-71,-45,-7,-0.148,-1,-51,-217,-3.644,-2,-2,0.447,-10,-22,-19,1.189,22,2,-5,Bears vs Cowboys,0
-2,1,2,0.016,-17,-61,-60,0.29,-484,25,0.488,3.096,-4,-25,-60,-3,-0.553,36,-16,406,-0.594,0,1,5.809,-9,-16,-16,3.963,58,16,19,Bears vs Dolphins,0
-4,-16,-18,-0.885,-190,-1314,50,-1.545,35,27,-0.72,3.488,7,118,50,1,-1.574,51,-8,7,1.929,0,-2,-4.86,0,-11,-7,12.757,53,39,13,Bears vs Eagles,0
-1,-5,-7,-0.46,-64,-485,-11,-1.704,-731,35,2.867,3.143,11,7,-11,-12,-1.386,37,-37,98,2.077,0,-1,-7.674,-2,-16,-8,11.474,-8,-3,26,Bears vs Falcons,0
5,0,6,-0.182,7,-49,-13,0.442,31,5,1.142,5.067,-2,-25,-13,-6,0.318,27,-35,378,0.138,-1,6,-2.491,-3,-3,-2,8.056,19,-90,6,Bears vs Giants,1
1,0,2,-0.153,17,5,10,-0.775,-165,14,-3.617,0.889,11,20,10,-8,-0.532,19,-25,561,2.754,0,5,1.076,0,-4,-6,5.466,-40,-7,32,Bears vs Jaguars,1
-11,5,-4,-0.277,68,173,-32,-0.369,-464,19,0.524,4.606,-27,-41,-32,-4,-0.34,11,-22,32,-1.832,-1,4,5.338,-1,-3,1,15.944,-16,29,16,Bears vs Jets,0
-19,-16,-34,-0.636,-103,-754,-46,-1.763,-1166,37,-4.549,-0.279,3,15,-46,-5,-2.287,41,-1,126,-2.956,0,-5,-1.779,7,-4,-5,4.466,47,95,-10,Bears vs Lions,0
-8,-10,-16,-0.722,-95,-762,45,-2.727,-387,26,1.564,4.351,-2,87,45,-4,-1.947,29,1,-439,0.244,0,-6,-9.032,1,-13,-11,10.526,15,4,9,Bears vs Packers,0
-2,-5,-4,-0.557,21,-144,12,0.059,141,8,-0.252,5.292,-8,19,12,-8,0.04,9,-10,-135,3.206,0,2,-2.758,2,-1,-1,10.385,-22,-119,36,Bears vs Panthers,0
2,2,6,-0.392,-15,-235,11,0.287,209,12,-0.336,-1.566,-1,37,11,-4,-0.043,26,-10,306,2.982,0,4,0.909,-11,-8,-5,9.156,12,-51,34,Bears vs Patriots,1
1,3,6,0.452,51,377,-57,0.021,-565,15,-1.33,2.889,14,-69,-57,-9,-0.207,9,-25,259,-1.121,0,1,-5.091,1,-15,-13,8.525,36,-30,14,Bears vs Raiders,1
-2,-2,-5,0.101,-19,-31,-14,-1.099,-544,19,0.683,3.723,19,7,-14,-2,-1.051,15,-22,454,1.065,0,-2,-3.245,6,-9,-8,8.735,21,-62,28,Bears vs Rams,0
-21,-8,-29,-1.733,-123,-1455,35,-3.111,-637,27,-0.011,2.985,-22,89,35,3,-2.506,42,-2,40,1.411,0,-1,-0.591,0,-5,-1,11.067,32,13,-22,Bears vs Ravens,0
-1,-2,-1,-0.378,-13,-220,13,-0.909,-178,7,0.807,0.125,0,15,13,-5,-0.494,27,-21,-634,1.417,0,-3,-4.162,3,-6,-6,4.0,-20,23,16,Bears vs Saints,0
-1,-4,-7,-0.225,48,107,-60,-0.541,-827,6,-2.109,5.227,-9,-27,-60,-9,-1.108,48,-32,-279,0.418,-1,-2,-12.706,-2,-5,-5,2.259,6,-22,-12,Bears vs Seahawks,0
-1,-1,-1,-0.041,-102,-432,32,-1.175,-55,14,-0.146,2.346,8,67,32,1,-0.952,35,-2,-300,5.444,0,-6,-4.385,-3,-19,-20,2.407,29,8,-5,Bears vs Steelers,0
0,-2,-2,-0.376,-3,-175,-4,-1.008,-400,5,-2.741,4.374,-9,-4,-4,-5,-0.657,5,-15,-291,-2.947,0,-8,-6.565,5,-17,-15,5.405,29,63,2,Bears vs Texans,0
-2,2,3,-0.099,-19,-121,17,-0.715,-69,7,2.914,5.226,-22,36,17,-14,-0.556,16,-8,-52,1.419,0,0,0.091,-9,-2,-4,3.611,17,-2,33,Bears vs Titans,1
-15,4,-11,-0.036,-26,-121,-11,-1.968,-827,25,0.681,5.834,0,18,-11,-5,-1.715,34,-16,436,4.087,0,-13,2.076,2,-17,-14,7.548,7,-3,-13,Bears vs Vikings,0
13,-21,-8,-0.4,-111,-656,131,-1.279,980,-2,3.502,-4.299,-11,132,131,3,-0.03,-18,12,-278,3.176,1,-1,7.537,13,4,1,-5.051,-35,36,11,Bengals vs Bills,0
13,-1,10,0.003,-81,-334,81,0.644,1110,-24,1.276,-8.398,-7,82,81,-3,0.862,-10,10,-114,1.051,1,0,-12.067,10,-1,-6,-10.818,-23,15,-37,Bengals vs Broncos,0
24,3,28,0.029,-11,-34,65,0.871,1039,-36,2.235,-2.706,-18,-9,65,-14,1.675,-35,-20,-186,4.222,1,11,17.1,4,6,7,-0.61,-4,68,-3,Bengals vs Browns,1
2,-5,-2,-1.109,-103,-962,52,-0.351,413,3,5.982,-0.277,-7,81,52,-7,-0.347,10,2,-136,2.728,1,8,12.6,-2,1,-5,-7.223,-16,77,-9,Bengals vs Buccaneers,0
22,-7,15,-1.152,-83,-877,86,0.373,1059,-1,0.617,-2.325,9,109,86,-2,0.436,7,1,19,0.691,0,6,15.267,3,-5,-9,-8.122,8,-40,29,Bengals vs Cardinals,1
20,-6,16,0.077,-83,-308,124,-0.919,1017,-19,1.441,-4.661,5,142,124,6,-0.106,5,11,-253,2.596,1,0,5.067,4,-9,-14,-9.046,1,61,7,Bengals vs Chargers,0
17,-4,15,0.164,-70,-216,56,0.676,872,-9,1.77,-2.609,7,52,56,-2,0.8,-19,18,-216,1.982,1,2,8.754,14,-4,-7,-2.582,1,88,-7,Bengals vs Chiefs,0
23,-9,16,-0.558,-116,-757,171,-1.762,1319,-15,0.714,-2.552,8,139,171,-10,0.527,-39,-2,38,-0.222,1,-1,10.037,4,-4,-6,-3.393,-75,-39,22,Bengals vs Colts,1
14,-14,2,-0.837,-146,-1045,95,-0.082,986,3,0.402,-3.106,-10,127,95,0,0.053,3,19,-1298,-0.192,1,8,-5.257,4,-9,-9,-2.83,28,28,17,Bengals vs Commanders,0
20,5,24,0.168,-49,-131,62,0.41,826,-9,1.641,-2.548,-27,15,62,-5,1.119,-39,-26,-562,-3.037,-1,2,9.138,-5,-14,-15,-12.19,10,31,0,Bengals vs Cowboys,1
21,-1,23,0.135,-68,-221,47,0.919,882,-4,2.583,-2.277,-13,61,47,-1,0.714,-2,9,61,0.013,1,5,14.5,-4,-8,-12,-9.416,46,45,24,Bengals vs Dolphins,1
19,-18,3,-0.766,-241,-1474,157,-0.916,1401,-2,1.375,-1.885,-2,204,157,3,-0.307,13,17,-338,2.536,1,2,3.831,5,-3,-3,-0.622,41,68,18,Bengals vs Eagles,0
22,-7,14,-0.341,-115,-645,96,-1.075,635,6,4.962,-2.23,2,93,96,-10,-0.119,-1,-12,-247,2.684,1,3,1.017,3,-8,-4,-1.905,-20,26,31,Bengals vs Falcons,1
28,-2,27,-0.063,-44,-209,94,1.071,1397,-24,3.237,-0.306,-11,61,94,-4,1.585,-11,-10,33,0.745,0,10,6.2,2,5,2,-5.323,7,-61,11,Bengals vs Giants,1
24,-2,23,-0.034,-34,-155,117,-0.146,1201,-15,-1.522,-4.484,2,106,117,-6,0.735,-19,0,216,3.361,1,9,9.767,5,4,-2,-7.913,-52,22,37,Bengals vs Jaguars,1
12,3,17,-0.158,17,13,75,0.26,902,-10,2.619,-0.767,-36,45,75,-2,0.927,-27,3,-313,-1.225,0,8,14.029,4,5,5,2.565,-28,58,21,Bengals vs Jets,1
4,-18,-13,-0.517,-154,-914,61,-1.134,200,8,-2.454,-5.652,-6,101,61,-3,-1.02,3,24,-219,-2.349,1,-1,6.912,12,4,-1,-8.913,35,124,-5,Bengals vs Lions,0
15,-12,5,-0.603,-146,-922,152,-2.098,979,-3,3.659,-1.022,-11,173,152,-2,-0.68,-9,26,-784,0.851,1,-2,-0.341,6,-5,-7,-2.853,3,33,14,Bengals vs Packers,0
21,-7,17,-0.438,-30,-304,119,0.688,1507,-21,1.843,-0.081,-17,105,119,-6,1.307,-29,15,-480,3.813,1,6,5.933,7,7,3,-2.994,-34,-90,41,Bengals vs Panthers,1
25,0,27,-0.273,-66,-395,118,0.916,1575,-17,1.759,-6.939,-10,123,118,-2,1.224,-12,15,-39,3.589,1,8,9.6,-6,0,-1,-4.223,0,-22,39,Bengals vs Patriots,1
24,1,27,0.571,0,217,50,0.65,801,-14,0.765,-2.484,5,17,50,-7,1.06,-29,0,-86,-0.514,1,5,3.6,6,-7,-9,-4.854,24,-1,19,Bengals vs Raiders,1
21,-4,16,0.22,-70,-191,93,-0.47,822,-10,2.778,-1.65,10,93,93,0,0.216,-23,3,109,1.672,1,2,5.446,11,-1,-4,-4.644,9,-33,33,Bengals vs Rams,0
2,-10,-8,-1.614,-174,-1615,142,-2.482,729,-2,2.084,-2.388,-31,175,142,5,-1.239,4,23,-305,2.018,1,3,8.1,5,3,3,-2.312,20,42,-17,Bengals vs Ravens,0
22,-4,20,-0.259,-64,-380,120,-0.28,1188,-22,2.902,-5.248,-9,101,120,-3,0.773,-11,4,-979,2.024,1,1,4.529,8,2,-2,-9.379,-32,52,21,Bengals vs Saints,1
22,-6,14,-0.106,-3,-53,47,0.088,539,-23,-0.014,-0.146,-18,59,47,-7,0.159,10,-7,-624,1.025,0,2,-4.015,3,3,-1,-11.12,-6,7,-7,Bengals vs Seahawks,0
22,-3,20,0.078,-153,-592,139,-0.546,1311,-15,1.949,-3.027,-1,153,139,3,0.315,-3,23,-645,6.051,1,-2,4.306,2,-11,-16,-10.972,17,37,0,Bengals vs Steelers,0
23,-4,19,-0.257,-54,-335,103,-0.379,966,-24,-0.646,-0.999,-18,82,103,-3,0.61,-33,10,-636,-2.34,1,-4,2.126,10,-9,-11,-7.974,17,92,7,Bengals vs Texans,0
21,0,24,0.02,-70,-281,124,-0.086,1297,-22,5.009,-0.147,-31,122,124,-12,0.711,-22,17,-397,2.026,1,4,8.782,-4,6,0,-9.768,5,27,38,Bengals vs Titans,1
8,2,10,0.083,-77,-281,96,-1.339,539,-4,2.776,0.461,-9,104,96,-3,-0.448,-4,9,91,4.694,1,-9,10.767,7,-9,-10,-5.831,-5,26,-8,Bengals vs Vikings,0
0,20,18,0.403,30,322,-50,1.923,130,-22,-2.226,-4.099,4,-50,-50,-6,0.892,8,-2,164,-2.125,0,1,-19.604,-3,-5,-7,-5.767,12,-21,-48,Bills vs Broncos,1
11,24,36,0.429,100,622,-66,2.15,59,-34,-1.267,1.593,-7,-141,-66,-17,1.705,-17,-32,92,1.046,0,12,9.563,-9,2,6,4.441,31,32,-14,Bills vs Browns,1
-11,16,6,-0.709,8,-306,-79,0.928,-567,5,2.48,4.022,4,-51,-79,-10,-0.317,28,-10,142,-0.448,0,9,5.063,-15,-3,-6,-2.172,19,41,-20,Bills vs Buccaneers,1
9,14,23,-0.752,28,-221,-45,1.652,79,1,-2.885,1.974,20,-23,-45,-5,0.466,25,-11,297,-2.485,-1,7,7.73,-10,-9,-10,-3.071,43,-76,18,Bills vs Cardinals,1
7,15,24,0.477,28,348,-7,0.36,37,-17,-2.061,-0.362,16,10,-7,3,-0.076,23,-1,25,-0.58,0,1,-2.47,-9,-13,-15,-3.995,36,25,-4,Bills vs Chargers,1
4,17,23,0.564,41,440,-75,1.955,-108,-7,-1.732,1.69,18,-80,-75,-5,0.83,-1,6,62,-1.194,0,3,1.217,1,-8,-8,2.469,36,52,-18,Bills vs Chiefs,0
10,12,24,-0.158,-5,-101,40,-0.483,339,-13,-2.788,1.747,19,7,40,-13,0.557,-21,-14,316,-3.398,0,0,2.5,-9,-8,-7,1.658,-40,-75,11,Bills vs Colts,1
1,7,10,-0.437,-35,-389,-36,1.197,6,5,-3.1,1.193,1,-5,-36,-3,0.083,21,7,-1020,-3.368,0,9,-12.794,-9,-13,-10,2.221,63,-8,6,Bills vs Commanders,1
7,26,32,0.568,62,525,-69,1.689,-154,-7,-1.861,1.751,-16,-117,-69,-8,1.149,-21,-38,-284,-6.213,-2,3,1.601,-18,-18,-16,-7.139,45,-5,-11,Bills vs Cowboys,1
8,20,31,0.535,43,435,-84,2.198,-98,-2,-0.919,2.022,-2,-71,-84,-4,0.744,16,-3,339,-3.163,0,6,6.963,-17,-12,-13,-4.365,81,9,13,Bills vs Dolphins,1
6,3,11,-0.366,-130,-818,26,0.363,421,0,-2.127,2.414,9,72,26,0,-0.277,31,5,-60,-0.64,0,3,-3.706,-8,-7,-4,4.429,76,32,7,Bills vs Eagles,0
9,14,22,0.059,-4,11,-35,0.204,-345,8,1.46,2.069,13,-39,-35,-13,-0.089,17,-24,31,-0.492,0,4,-6.52,-10,-12,-5,3.146,15,-10,20,Bills vs Falcons,1
15,19,35,0.337,67,447,-37,2.35,417,-22,-0.265,3.993,0,-71,-37,-7,1.615,7,-22,311,-2.431,-1,11,-1.337,-11,1,1,-0.272,42,-97,0,Bills vs Giants,1
11,19,31,0.366,77,501,-14,1.133,221,-13,-5.024,-0.185,13,-26,-14,-9,0.765,-1,-12,494,0.185,0,10,2.23,-8,0,-3,-2.862,-17,-14,26,Bills vs Jaguars,1
-1,24,25,0.242,128,669,-56,1.539,-78,-8,-0.883,3.532,-25,-87,-56,-5,0.957,-9,-9,-35,-4.401,-1,9,6.492,-9,1,4,7.616,7,22,10,Bills vs Jets,1
-9,3,-5,-0.117,-43,-258,-70,0.145,-780,10,-5.956,-1.353,5,-31,-70,-6,-0.99,21,12,59,-5.525,0,0,-0.625,-1,0,-2,-3.862,70,88,-16,Bills vs Lions,0
2,9,13,-0.203,-35,-266,21,-0.819,-1,-1,0.157,3.277,0,41,21,-5,-0.65,9,14,-506,-2.325,0,-1,-7.878,-7,-9,-8,2.198,38,-3,3,Bills vs Packers,1
8,14,25,-0.038,81,352,-12,1.967,527,-19,-1.659,4.218,-6,-27,-12,-9,1.337,-11,3,-202,0.637,0,7,-1.604,-6,3,2,2.057,1,-126,30,Bills vs Panthers,1
12,21,35,0.127,45,261,-13,2.195,595,-15,-1.743,-2.64,1,-9,-13,-5,1.254,6,3,239,0.413,0,9,2.063,-19,-4,-2,0.828,35,-58,28,Bills vs Patriots,1
11,22,35,0.971,111,873,-81,1.929,-179,-12,-2.737,1.815,16,-115,-81,-10,1.09,-11,-12,192,-3.69,0,6,-3.937,-7,-11,-10,0.197,59,-37,8,Bills vs Raiders,1
8,17,24,0.62,41,465,-38,0.809,-158,-8,-0.724,2.649,21,-39,-38,-3,0.246,-5,-9,387,-1.504,0,3,-2.091,-2,-5,-5,0.407,44,-69,22,Bills vs Rams,1
-11,11,0,-1.214,-63,-959,11,-1.203,-251,0,-1.418,1.911,-20,43,11,2,-1.209,22,11,-27,-1.158,0,4,0.563,-8,-1,2,2.739,55,6,-28,Bills vs Ravens,1
9,17,28,0.141,47,276,-11,0.999,208,-20,-0.6,-0.949,2,-31,-11,-6,0.803,7,-8,-701,-1.152,0,2,-3.008,-5,-2,-3,-4.328,3,16,10,Bills vs Saints,1
9,15,22,0.294,108,603,-84,1.367,-441,-21,-3.516,4.153,-7,-73,-84,-10,0.189,28,-19,-346,-2.151,-1,3,-11.552,-10,-1,-2,-6.069,29,-29,-18,Bills vs Seahawks,1
9,18,28,0.478,-42,64,8,0.733,331,-13,-1.553,1.272,10,21,8,0,0.345,15,11,-367,2.875,0,-1,-3.231,-11,-15,-17,-5.921,52,1,-11,Bills vs Steelers,1
10,17,27,0.143,57,321,-28,0.9,-14,-22,-4.148,3.3,-7,-50,-28,-6,0.64,-15,-2,-358,-5.516,0,-3,-5.411,-3,-13,-12,-2.923,52,56,-4,Bills vs Texans,1
8,21,32,0.42,41,375,-7,1.193,317,-20,1.507,4.152,-20,-10,-7,-15,0.741,-4,5,-119,-1.15,0,5,1.245,-17,2,-1,-4.717,40,-9,27,Bills vs Titans,1
-5,23,18,0.483,34,375,-35,-0.06,-441,-2,-0.726,4.76,2,-28,-35,-6,-0.418,14,-3,369,1.518,0,-8,3.23,-6,-13,-11,-0.78,30,-10,-19,Bills vs Vikings,0
11,4,18,0.026,70,300,-16,0.227,-71,-12,0.959,5.692,-11,-91,-16,-11,0.813,-25,-30,-72,3.171,0,11,29.167,-6,7,13,10.208,19,53,34,Broncos vs Browns,1
-11,-4,-12,-1.112,-22,-628,-29,-0.995,-697,27,4.706,8.121,0,-1,-29,-4,-1.209,20,-8,-22,1.677,0,8,24.667,-12,2,1,3.595,7,62,28,Broncos vs Buccaneers,0
9,-6,5,-1.155,-2,-543,5,-0.271,-51,23,-0.659,6.073,16,27,5,1,-0.426,17,-9,133,-0.36,-1,6,27.334,-7,-4,-3,2.696,31,-55,66,Broncos vs Cardinals,1
7,-5,6,0.074,-2,26,43,-1.563,-93,5,0.165,3.737,12,60,43,9,-0.968,15,1,-139,1.545,0,0,17.134,-6,-8,-8,1.772,24,46,44,Broncos vs Chargers,0
4,-3,5,0.161,11,118,-25,0.032,-238,15,0.494,5.789,14,-30,-25,1,-0.062,-9,8,-102,0.931,0,2,20.821,4,-3,-1,8.236,24,73,30,Broncos vs Chiefs,0
10,-8,6,-0.561,-35,-423,90,-2.406,209,9,-0.562,5.846,15,57,90,-7,-0.335,-29,-12,152,-1.273,0,-1,22.104,-6,-3,0,7.425,-52,-54,59,Broncos vs Colts,1
1,-13,-8,-0.84,-65,-711,14,-0.726,-124,27,-0.874,5.292,-3,45,14,3,-0.809,13,9,-1184,-1.243,0,8,6.81,-6,-8,-3,7.988,51,13,54,Broncos vs Commanders,0
7,6,14,0.165,32,203,-19,-0.234,-284,15,0.365,5.85,-20,-67,-19,-2,0.257,-29,-36,-448,-4.088,-2,2,21.205,-15,-13,-9,-1.372,33,16,37,Broncos vs Cowboys,1
8,0,13,0.132,13,113,-34,0.275,-228,20,1.307,6.121,-6,-21,-34,2,-0.148,8,-1,175,-1.038,0,5,26.567,-14,-7,-6,1.402,69,30,61,Broncos vs Dolphins,1
6,-17,-7,-0.769,-160,-1140,76,-1.56,291,22,0.099,6.513,5,122,76,6,-1.169,23,7,-224,1.485,0,2,15.898,-5,-2,3,10.196,64,53,55,Broncos vs Eagles,0
9,-6,4,-0.344,-34,-311,15,-1.719,-475,30,3.686,6.168,9,11,15,-7,-0.981,9,-22,-133,1.633,0,3,13.084,-7,-7,2,8.913,3,11,68,Broncos vs Falcons,1
15,-1,17,-0.066,37,125,13,0.427,287,0,1.961,8.092,-4,-21,13,-1,0.723,-1,-20,147,-0.306,-1,10,18.267,-8,6,8,5.495,30,-76,48,Broncos vs Giants,1
11,-1,13,-0.037,47,179,36,-0.79,91,9,-2.798,3.914,9,24,36,-3,-0.127,-9,-10,330,2.31,0,9,21.834,-5,5,4,2.905,-29,7,74,Broncos vs Jaguars,1
-1,4,7,-0.161,98,347,-6,-0.384,-208,14,1.343,7.631,-29,-37,-6,1,0.065,-17,-7,-199,-2.276,-1,8,26.096,-6,6,11,13.383,-5,43,58,Broncos vs Jets,1
-9,-17,-23,-0.52,-73,-580,-20,-1.778,-910,32,-3.73,2.746,1,19,-20,0,-1.882,13,14,-105,-3.4,0,-1,18.979,2,5,5,1.905,58,109,32,Broncos vs Lions,0
2,-11,-5,-0.606,-65,-588,71,-2.742,-131,21,2.383,7.376,-4,91,71,1,-1.542,1,16,-670,-0.2,0,-2,11.726,-4,-4,-1,7.965,26,18,51,Broncos vs Packers,0
8,-6,7,-0.441,51,30,38,0.044,397,3,0.567,8.317,-10,23,38,-3,0.445,-19,5,-366,2.762,0,6,18.0,-3,8,9,7.824,-11,-105,78,Broncos vs Panthers,1
12,1,17,-0.276,15,-61,37,0.272,465,7,0.483,1.459,-3,41,37,1,0.362,-2,5,75,2.538,0,8,21.667,-16,1,5,6.595,23,-37,76,Broncos vs Patriots,1
11,2,17,0.568,81,551,-31,0.006,-309,10,-0.511,5.914,12,-65,-31,-4,0.198,-19,-10,28,-1.565,0,5,15.667,-4,-6,-3,5.964,47,-16,56,Broncos vs Raiders,1
8,-3,6,0.217,11,143,12,-1.114,-288,14,1.502,6.748,17,11,12,3,-0.646,-13,-7,223,0.621,0,2,17.513,1,0,2,6.174,32,-48,70,Broncos vs Rams,0
-11,-9,-18,-1.617,-93,-1281,61,-3.126,-381,22,0.808,6.01,-24,93,61,8,-2.101,14,13,-191,0.967,0,3,20.167,-5,4,9,8.506,43,27,20,Broncos vs Ravens,0
9,-3,10,-0.262,17,-46,39,-0.924,78,2,1.626,3.15,-2,19,39,0,-0.089,-1,-6,-865,0.973,0,1,16.596,-2,3,4,1.439,-9,37,58,Broncos vs Saints,1
9,-5,4,-0.109,78,281,-34,-0.556,-571,1,-1.29,8.252,-11,-23,-34,-4,-0.703,20,-17,-510,-0.026,-1,2,8.052,-7,4,5,-0.302,17,-8,30,Broncos vs Seahawks,0
9,-2,10,0.075,-72,-258,58,-1.19,201,9,0.673,5.371,6,71,58,6,-0.547,7,13,-531,5.0,0,-2,16.373,-8,-10,-10,-0.154,40,22,37,Broncos vs Steelers,0
10,-3,9,-0.26,27,-1,22,-1.023,-144,0,-1.922,7.399,-11,0,22,0,-0.252,-23,0,-522,-3.391,0,-4,14.193,0,-8,-5,2.844,40,77,44,Broncos vs Texans,0
8,1,14,0.017,11,53,43,-0.73,187,2,3.733,8.251,-24,40,43,-9,-0.151,-12,7,-283,0.975,0,4,20.849,-14,7,6,1.05,28,12,75,Broncos vs Titans,1
-5,3,0,0.08,4,53,15,-1.983,-571,20,1.5,8.859,-2,22,15,0,-1.31,6,-1,205,3.643,0,-9,22.834,-3,-8,-4,4.987,18,11,29,Broncos vs Vikings,0
-22,-8,-30,-1.138,-92,-928,-13,-1.222,-626,39,3.747,2.429,11,90,-13,7,-2.022,45,22,50,-1.494,0,-3,-4.5,-6,-5,-12,-6.613,-12,9,-6,Browns vs Buccaneers,0
-2,-10,-13,-1.181,-72,-843,21,-0.498,20,35,-1.618,0.381,27,118,21,12,-1.239,42,21,205,-3.531,-1,-5,-1.833,-1,-11,-16,-7.512,12,-108,32,Browns vs Cardinals,0
-4,-9,-12,0.048,-72,-274,59,-1.79,-22,17,-0.794,-1.955,23,151,59,20,-1.781,40,31,-67,-1.626,0,-11,-12.033,0,-15,-21,-8.436,5,-7,10,Browns vs Chargers,0
-7,-7,-13,0.135,-59,-182,-9,-0.195,-167,27,-0.465,0.097,25,61,-9,12,-0.875,16,38,-30,-2.24,0,-9,-8.346,10,-10,-14,-1.972,5,20,-4,Browns vs Chiefs,0
-1,-12,-12,-0.587,-105,-723,106,-2.633,280,21,-1.521,0.154,26,148,106,4,-1.148,-4,18,224,-4.444,0,-12,-7.063,0,-10,-13,-2.783,-71,-107,25,Browns vs Colts,0
-10,-17,-26,-0.866,-135,-1011,30,-0.953,-53,39,-1.833,-0.4,8,136,30,14,-1.622,38,39,-1112,-4.414,0,-3,-22.357,0,-15,-16,-2.22,32,-40,20,Browns vs Commanders,0
-4,2,-4,0.139,-38,-97,-3,-0.461,-213,27,-0.594,0.158,-9,24,-3,9,-0.556,-4,-6,-376,-7.259,-2,-9,-7.962,-9,-20,-22,-11.58,14,-37,3,Browns vs Cowboys,0
-3,-4,-5,0.106,-57,-187,-18,0.048,-157,32,0.348,0.429,5,70,-18,13,-0.961,33,29,247,-4.209,0,-6,-2.6,-8,-14,-19,-8.806,50,-23,27,Browns vs Dolphins,0
-5,-21,-25,-0.795,-230,-1440,92,-1.787,362,34,-0.86,0.821,16,213,92,17,-1.982,48,37,-152,-1.686,0,-9,-13.269,1,-9,-10,-0.012,45,0,21,Browns vs Eagles,0
-2,-10,-14,-0.37,-104,-611,31,-1.946,-404,42,2.727,0.476,20,102,31,4,-1.794,34,8,-61,-1.538,0,-8,-16.083,-1,-14,-11,-1.295,-16,-42,34,Browns vs Falcons,0
4,-5,-1,-0.092,-33,-175,29,0.2,358,12,1.002,2.4,7,70,29,10,-0.09,24,10,219,-3.477,-1,-1,-10.9,-2,-1,-5,-4.713,11,-129,14,Browns vs Giants,0
0,-5,-5,-0.063,-23,-121,52,-1.017,162,21,-3.757,-1.778,20,115,52,8,-0.94,16,20,402,-0.861,0,-2,-7.333,1,-2,-9,-7.303,-48,-46,40,Browns vs Jaguars,0
-12,0,-11,-0.187,28,47,10,-0.611,-137,26,0.384,1.939,-18,54,10,12,-0.748,8,23,-127,-5.447,-1,-3,-3.071,0,-1,-2,3.175,-24,-10,24,Browns vs Jets,0
-20,-21,-41,-0.546,-143,-880,-4,-2.005,-839,44,-4.689,-2.946,12,110,-4,11,-2.695,38,44,-33,-6.571,0,-12,-10.188,8,-2,-8,-8.303,39,56,-2,Browns vs Lions,0
-9,-15,-23,-0.632,-135,-888,87,-2.969,-60,33,1.424,1.684,7,182,87,12,-2.355,26,46,-598,-3.371,0,-13,-17.441,2,-11,-14,-2.243,7,-35,17,Browns vs Packers,0
-3,-10,-11,-0.467,-19,-270,54,-0.183,468,15,-0.392,2.625,1,114,54,8,-0.368,6,35,-294,-0.409,0,-5,-11.167,3,1,-4,-2.384,-30,-158,44,Browns vs Panthers,0
1,-3,-1,-0.302,-55,-361,53,0.045,536,19,-0.476,-4.233,8,132,53,12,-0.451,23,35,147,-0.633,0,-3,-7.5,-10,-6,-8,-3.613,4,-90,42,Browns vs Patriots,0
0,-2,-1,0.542,11,251,-15,-0.221,-238,22,-1.47,0.222,23,26,-15,7,-0.615,6,20,100,-4.736,0,-6,-13.5,2,-13,-16,-4.244,28,-69,22,Browns vs Raiders,0
-3,-7,-12,0.191,-59,-157,28,-1.341,-217,26,0.543,1.056,28,102,28,14,-1.459,12,23,295,-2.55,0,-9,-11.654,7,-7,-11,-4.034,13,-101,36,Browns vs Rams,0
-22,-13,-36,-1.643,-163,-1581,77,-3.353,-310,34,-0.151,0.318,-13,184,77,19,-2.914,39,43,-119,-2.204,0,-8,-9.0,1,-3,-4,-1.702,24,-26,-14,Browns vs Ravens,0
-2,-7,-8,-0.288,-53,-346,55,-1.151,149,14,0.667,-2.542,9,110,55,11,-0.902,24,24,-793,-2.198,0,-10,-12.571,4,-4,-9,-8.769,-28,-16,24,Browns vs Saints,0
-2,-9,-14,-0.135,8,-19,-18,-0.783,-500,13,-2.249,2.56,0,68,-18,7,-1.516,45,13,-438,-3.197,-1,-9,-21.115,-1,-3,-8,-10.51,-2,-61,-4,Browns vs Seahawks,0
-2,-6,-8,0.049,-142,-558,74,-1.417,272,21,-0.286,-0.321,17,162,74,17,-1.36,32,43,-459,1.829,0,-13,-12.794,-2,-17,-23,-10.362,21,-31,3,Browns vs Steelers,0
-1,-7,-9,-0.286,-43,-301,38,-1.25,-73,12,-2.881,1.707,0,91,38,11,-1.065,2,30,-450,-6.562,0,-15,-14.974,6,-15,-18,-7.364,21,24,10,Browns vs Texans,0
-3,-3,-4,-0.009,-59,-247,59,-0.957,258,14,2.774,2.559,-13,131,59,2,-0.964,13,37,-211,-2.196,0,-7,-8.318,-8,0,-7,-9.158,9,-41,41,Browns vs Titans,0
-16,-1,-18,0.054,-66,-247,31,-2.21,-500,32,0.541,3.167,9,113,31,11,-2.123,31,29,277,0.472,0,-20,-6.333,3,-15,-17,-5.221,-1,-42,-5,Browns vs Vikings,0
20,-2,17,-0.043,20,85,34,0.724,646,-4,-5.365,-2.048,16,28,34,5,0.783,-3,-1,155,-2.037,-1,-2,2.667,5,-6,-4,-0.899,24,-117,38,Buccaneers vs Cardinals,1
18,-1,18,1.186,20,654,72,-0.568,604,-22,-4.541,-4.384,12,61,72,13,0.241,-5,9,-117,-0.132,0,-8,-7.533,6,-10,-9,-1.823,17,-16,16,Buccaneers vs Chargers,0
15,1,17,1.273,33,746,4,1.027,459,-12,-4.212,-2.332,14,-29,4,5,1.147,-29,16,-80,-0.746,0,-6,-3.846,16,-5,-2,4.641,17,11,2,Buccaneers vs Chiefs,0
21,-4,18,0.551,-13,205,119,-1.411,906,-18,-5.268,-2.275,15,58,119,-3,0.874,-49,-4,174,-2.95,0,-9,-2.563,6,-5,-1,3.83,-59,-116,31,Buccaneers vs Colts,1
12,-9,4,0.272,-43,-83,43,0.269,573,0,-5.58,-2.829,-3,46,43,7,0.4,-7,17,-1162,-2.92,0,0,-17.857,6,-10,-4,4.393,44,-49,26,Buccaneers vs Commanders,0
18,10,26,1.277,54,831,10,0.761,413,-12,-4.341,-2.271,-20,-66,10,2,1.466,-49,-28,-426,-5.765,-2,-6,-3.462,-3,-15,-10,-4.967,26,-46,9,Buccaneers vs Cowboys,1
19,4,25,1.244,35,741,-5,1.27,469,-7,-3.399,-2.0,-6,-20,-5,6,1.061,-12,7,197,-2.715,0,-3,1.9,-2,-9,-7,-2.193,62,-32,33,Buccaneers vs Dolphins,1
17,-13,5,0.343,-138,-512,105,-0.565,988,-5,-4.607,-1.608,5,123,105,10,0.04,3,15,-202,-0.192,0,-6,-8.769,7,-4,2,6.601,57,-9,27,Buccaneers vs Eagles,0
20,-2,16,0.768,-12,317,44,-0.724,222,3,-1.02,-1.953,9,12,44,-3,0.228,-11,-14,-111,-0.044,0,-5,-11.583,5,-9,1,5.318,-4,-51,40,Buccaneers vs Falcons,1
26,3,29,1.046,59,753,42,1.422,984,-27,-2.745,-0.029,-4,-20,42,3,1.932,-21,-12,169,-1.983,-1,2,-6.4,4,4,7,1.9,23,-138,20,Buccaneers vs Giants,1
22,3,25,1.075,69,807,65,0.205,788,-18,-7.504,-4.207,9,25,65,1,1.082,-29,-2,352,0.633,0,1,-2.833,7,3,3,-0.69,-36,-55,46,Buccaneers vs Jaguars,1
10,8,19,0.951,120,975,23,0.611,489,-13,-3.363,-0.49,-29,-36,23,5,1.274,-37,1,-177,-3.953,-1,0,1.429,6,4,10,9.788,-12,-19,30,Buccaneers vs Jets,1
2,-13,-11,0.592,-51,48,9,-0.783,-213,5,-8.436,-5.375,1,20,9,4,-0.673,-7,22,-83,-5.077,0,-9,-5.688,14,3,4,-1.69,51,47,4,Buccaneers vs Lions,0
13,-7,7,0.506,-43,40,100,-1.747,566,-6,-2.323,-0.745,-4,92,100,5,-0.333,-19,24,-648,-1.877,0,-10,-12.941,8,-6,-2,4.37,19,-44,23,Buccaneers vs Packers,0
19,-2,19,0.671,73,658,67,1.039,1094,-24,-4.139,0.196,-10,24,67,1,1.654,-39,13,-344,1.085,0,-2,-6.667,9,6,8,4.229,-18,-167,50,Buccaneers vs Panthers,1
23,5,29,0.836,37,567,66,1.267,1162,-20,-4.223,-6.662,-3,42,66,5,1.571,-22,13,97,0.861,0,0,-3.0,-4,-1,4,3.0,16,-99,48,Buccaneers vs Patriots,1
22,6,29,1.68,103,1179,-2,1.001,388,-17,-5.217,-2.207,12,-64,-2,0,1.407,-39,-2,50,-3.242,0,-3,-9.0,8,-8,-4,2.369,40,-78,28,Buccaneers vs Raiders,1
19,1,18,1.329,33,771,41,-0.119,409,-13,-3.204,-1.373,17,12,41,7,0.563,-33,1,245,-1.056,0,-6,-7.154,13,-2,1,2.579,25,-110,42,Buccaneers vs Rams,0
0,-5,-6,-0.505,-71,-653,90,-2.131,316,-5,-3.898,-2.111,-24,94,90,12,-0.892,-6,21,-169,-0.71,0,-5,-4.5,7,2,8,4.911,36,-35,-8,Buccaneers vs Ravens,0
20,1,22,0.85,39,582,68,0.071,775,-25,-3.08,-4.971,-2,20,68,4,1.12,-21,2,-843,-0.704,0,-7,-8.071,10,1,3,-2.156,-16,-25,30,Buccaneers vs Saints,1
20,-1,16,1.003,100,909,-5,0.439,126,-26,-5.996,0.131,-11,-22,-5,0,0.506,0,-9,-488,-1.703,-1,-6,-16.615,5,2,4,-3.897,10,-70,2,Buccaneers vs Seahawks,0
20,2,22,1.187,-50,370,87,-0.195,898,-18,-4.033,-2.75,6,72,87,10,0.662,-13,21,-509,3.323,0,-10,-8.294,4,-12,-11,-3.749,33,-40,9,Buccaneers vs Steelers,0
21,1,21,0.852,49,627,51,-0.028,553,-27,-6.628,-0.722,-11,1,51,4,0.957,-43,8,-500,-5.068,0,-12,-10.474,12,-10,-6,-0.751,33,15,16,Buccaneers vs Texans,0
19,5,26,1.129,33,681,72,0.265,884,-25,-0.973,0.13,-24,41,72,-5,1.058,-32,15,-261,-0.702,0,-4,-3.818,-2,5,5,-2.545,21,-50,47,Buccaneers vs Titans,1
6,7,12,1.192,26,681,44,-0.988,126,-7,-3.206,0.738,-2,23,44,4,-0.101,-14,7,227,1.966,0,-17,-1.833,9,-10,-5,1.392,11,-51,1,Buccaneers vs Vikings,0
-2,1,1,1.229,0,569,38,-1.292,-42,-18,0.824,-2.336,-4,33,38,8,-0.542,-2,10,-272,1.905,1,-6,-10.2,1,-4,-5,-0.924,-7,101,-22,Cardinals vs Chargers,0
-5,3,0,1.316,13,661,-30,0.303,-187,-8,1.153,-0.284,-2,-57,-30,0,0.364,-26,17,-235,1.291,1,-4,-6.513,11,1,2,5.54,-7,128,-36,Cardinals vs Chiefs,0
1,-2,1,0.594,-33,120,85,-2.135,260,-14,0.097,-0.227,-1,30,85,-8,0.091,-46,-3,19,-0.913,1,-7,-5.23,1,1,3,4.729,-83,1,-7,Cardinals vs Colts,0
-8,-7,-13,0.315,-63,-168,9,-0.455,-73,4,-0.215,-0.781,-19,18,9,2,-0.383,-4,18,-1317,-0.883,1,2,-20.524,1,-4,0,5.292,20,68,-12,Cardinals vs Commanders,0
-2,12,9,1.32,34,746,-24,0.037,-233,-8,1.024,-0.223,-36,-94,-24,-3,0.683,-46,-27,-581,-3.728,-1,-4,-6.129,-8,-9,-6,-4.068,2,71,-29,Cardinals vs Cowboys,1
-1,6,8,1.287,15,656,-39,0.546,-177,-3,1.966,0.048,-22,-48,-39,1,0.278,-9,8,42,-0.678,1,-1,-0.767,-7,-3,-3,-1.294,38,85,-5,Cardinals vs Dolphins,0
-3,-11,-12,0.386,-158,-597,71,-1.289,342,-1,0.758,0.44,-11,95,71,5,-0.743,6,16,-357,1.845,1,-4,-11.436,2,2,6,7.5,33,108,-11,Cardinals vs Eagles,0
0,0,-1,0.811,-32,232,10,-1.448,-424,7,4.345,0.095,-7,-16,10,-8,-0.555,-8,-13,-266,1.993,1,-3,-14.25,0,-3,5,6.217,-28,66,2,Cardinals vs Falcons,0
6,5,12,1.089,39,668,8,0.698,338,-23,2.62,2.019,-20,-48,8,-2,1.149,-18,-11,14,0.054,0,4,-9.067,-1,10,11,2.799,-1,-21,-18,Cardinals vs Giants,1
2,5,8,1.118,49,722,31,-0.519,142,-14,-2.139,-2.159,-7,-3,31,-4,0.299,-26,-1,197,2.67,1,3,-5.5,2,9,7,0.209,-60,62,8,Cardinals vs Jaguars,1
-10,10,2,0.994,100,890,-11,-0.113,-157,-9,2.002,1.558,-45,-64,-11,0,0.491,-34,2,-332,-1.916,0,2,-1.238,1,10,14,10.687,-36,98,-8,Cardinals vs Jets,1
-18,-11,-28,0.635,-71,-37,-25,-1.507,-859,9,-3.071,-3.327,-15,-8,-25,-1,-1.456,-4,23,-238,-3.04,1,-7,-8.355,9,9,8,-0.791,27,164,-34,Cardinals vs Lions,0
-7,-5,-10,0.549,-63,-45,66,-2.471,-80,-2,3.042,1.303,-20,64,66,0,-1.116,-16,25,-803,0.16,1,-8,-15.608,3,0,2,5.269,-5,73,-15,Cardinals vs Packers,0
-1,0,2,0.714,53,573,33,0.315,448,-20,1.226,2.244,-26,-4,33,-4,0.871,-36,14,-499,3.122,1,0,-9.334,4,12,12,5.128,-42,-50,12,Cardinals vs Panthers,1
3,7,12,0.879,17,482,32,0.543,516,-16,1.142,-4.614,-19,14,32,0,0.788,-19,14,-58,2.898,1,2,-5.667,-9,5,8,3.899,-8,18,10,Cardinals vs Patriots,1
2,8,12,1.723,83,1094,-36,0.277,-258,-13,0.148,-0.159,-4,-92,-36,-5,0.624,-36,-1,-105,-1.205,1,-1,-11.667,3,-2,0,3.268,16,39,-10,Cardinals vs Raiders,1
-1,3,1,1.372,13,686,7,-0.843,-237,-9,2.161,0.675,1,-16,7,2,-0.22,-30,2,90,0.981,1,-4,-9.821,8,4,5,3.478,1,7,4,Cardinals vs Rams,0
-20,-3,-23,-0.462,-91,-738,56,-2.855,-330,-1,1.467,-0.063,-40,66,56,7,-1.675,-3,22,-324,1.327,1,-3,-7.167,2,8,12,5.81,12,82,-46,Cardinals vs Ravens,0
0,3,5,0.893,19,497,34,-0.653,129,-21,2.285,-2.923,-18,-8,34,-1,0.337,-18,3,-998,1.333,1,-5,-10.738,5,7,7,-1.257,-40,92,-8,Cardinals vs Saints,1
0,1,-1,1.046,80,824,-39,-0.285,-520,-22,-0.631,2.179,-27,-50,-39,-5,-0.277,3,-8,-643,0.334,0,-4,-19.282,0,8,8,-2.998,-14,47,-36,Cardinals vs Seahawks,0
0,4,5,1.23,-70,285,53,-0.919,252,-14,1.332,-0.702,-10,44,53,5,-0.121,-10,22,-664,5.36,1,-8,-10.961,-1,-6,-7,-2.85,9,77,-29,Cardinals vs Steelers,0
1,3,4,0.895,29,542,17,-0.752,-93,-23,-1.263,1.326,-27,-27,17,-1,0.174,-40,9,-655,-3.031,1,-10,-13.141,7,-4,-2,0.148,9,132,-22,Cardinals vs Texans,0
-1,7,9,1.172,13,596,38,-0.459,238,-21,4.392,2.178,-40,13,38,-10,0.275,-29,16,-416,1.335,1,-2,-6.485,-7,11,9,-1.646,-3,67,9,Cardinals vs Titans,1
-14,9,-5,1.235,6,596,10,-1.712,-520,-3,2.159,2.786,-18,-5,10,-1,-0.884,-11,8,72,4.003,1,-15,-4.5,4,-4,-1,2.291,-13,66,-37,Cardinals vs Vikings,0
-3,2,-1,0.087,13,92,-68,1.595,-145,10,0.329,2.052,2,-90,-68,-8,0.906,-24,7,37,-0.614,0,2,3.687,10,5,7,6.464,0,27,-14,Chargers vs Chiefs,0
3,-3,0,-0.635,-33,-449,47,-0.843,302,4,-0.727,2.109,3,-3,47,-16,0.633,-44,-13,291,-2.818,0,-1,4.97,0,5,8,5.653,-76,-100,15,Chargers vs Colts,1
-6,-8,-14,-0.914,-63,-737,-29,0.837,-31,22,-1.039,1.555,-15,-15,-29,-6,0.159,-2,8,-1045,-2.788,0,8,-10.324,0,0,5,6.216,27,-33,10,Chargers vs Commanders,0
0,11,8,0.091,34,177,-62,1.329,-191,10,0.2,2.113,-32,-127,-62,-11,1.225,-44,-37,-309,-5.633,-2,2,4.071,-9,-5,-1,-3.144,9,-30,-7,Chargers vs Cowboys,1
1,5,7,0.058,15,87,-77,1.838,-135,15,1.142,2.384,-18,-81,-77,-7,0.82,-7,-2,314,-2.583,0,5,9.433,-8,1,2,-0.37,45,-16,17,Chargers vs Dolphins,1
-1,-12,-13,-0.843,-158,-1166,33,0.003,384,17,-0.066,2.776,-7,62,33,-3,-0.201,8,6,-85,-0.06,0,2,-1.236,1,6,11,8.424,40,7,11,Chargers vs Eagles,0
2,-1,-2,-0.418,-32,-337,-28,-0.156,-382,25,3.521,2.431,-3,-49,-28,-16,-0.013,-6,-23,6,0.088,0,3,-4.05,-1,1,10,7.141,-21,-35,24,Chargers vs Falcons,1
8,4,11,-0.14,39,99,-30,1.99,380,-5,1.796,4.355,-16,-81,-30,-10,1.691,-16,-21,286,-1.851,-1,10,1.133,-2,14,16,3.723,6,-122,4,Chargers vs Giants,1
4,4,7,-0.111,49,153,-7,0.773,184,4,-2.963,0.177,-3,-36,-7,-12,0.841,-24,-11,469,0.765,0,9,4.7,1,13,12,1.133,-53,-39,30,Chargers vs Jaguars,1
-8,9,1,-0.235,100,321,-49,1.179,-115,9,1.178,3.894,-41,-97,-49,-8,1.033,-32,-8,-60,-3.821,-1,8,8.962,0,14,19,11.611,-29,-3,14,Chargers vs Jets,1
-16,-12,-29,-0.594,-71,-606,-63,-0.215,-817,27,-3.895,-0.991,-11,-41,-63,-9,-0.914,-2,13,34,-4.945,0,-1,1.845,8,13,13,0.133,34,63,-12,Chargers vs Lions,0
-5,-6,-11,-0.68,-63,-614,28,-1.179,-38,16,2.218,3.639,-16,31,28,-8,-0.574,-14,15,-531,-1.745,0,-2,-5.408,2,4,7,6.193,2,-28,7,Chargers vs Packers,0
1,-1,1,-0.515,53,4,-5,1.607,490,-2,0.402,4.58,-22,-37,-5,-12,1.413,-34,4,-227,1.217,0,6,0.866,3,16,17,6.052,-35,-151,34,Chargers vs Panthers,1
5,6,11,-0.35,17,-87,-6,1.835,558,2,0.318,-2.278,-15,-19,-6,-8,1.33,-17,4,214,0.993,0,8,4.533,-10,9,13,4.823,-1,-83,32,Chargers vs Patriots,1
4,7,11,0.494,83,525,-74,1.569,-216,5,-0.676,2.177,0,-125,-74,-13,1.166,-34,-11,167,-3.11,0,5,-1.467,2,2,5,4.192,23,-62,12,Chargers vs Raiders,1
1,2,0,0.143,13,117,-31,0.449,-195,9,1.337,3.011,5,-49,-31,-6,0.322,-28,-8,362,-0.924,0,2,0.379,7,8,10,4.402,8,-94,26,Chargers vs Rams,1
-18,-4,-24,-1.691,-91,-1307,18,-1.563,-288,17,0.643,2.273,-36,33,18,-1,-1.133,-1,12,-52,-0.578,0,3,3.033,1,12,17,6.734,19,-19,-24,Chargers vs Ravens,0
2,2,4,-0.336,19,-72,-4,0.639,171,-3,1.461,-0.587,-14,-41,-4,-9,0.879,-16,-7,-726,-0.572,0,1,-0.538,4,11,12,-0.333,-33,-9,14,Chargers vs Saints,1
2,0,-2,-0.183,80,255,-77,1.007,-478,-4,-1.455,4.515,-23,-83,-77,-13,0.265,5,-18,-371,-1.571,-1,2,-9.082,-1,12,13,-2.074,-7,-54,-14,Chargers vs Seahawks,1
2,3,4,0.001,-70,-284,15,0.373,294,4,0.508,1.634,-6,11,15,-3,0.421,-8,12,-392,3.455,0,-2,-0.761,-2,-2,-2,-1.926,16,-24,-7,Chargers vs Steelers,1
3,2,3,-0.334,29,-27,-21,0.54,-51,-5,-2.087,3.662,-23,-60,-21,-9,0.716,-38,-1,-383,-4.936,0,-4,-2.941,6,0,3,1.072,16,31,0,Chargers vs Texans,1
1,6,8,-0.057,13,27,0,0.833,280,-3,3.568,4.514,-36,-20,0,-18,0.817,-27,6,-144,-0.57,0,4,3.715,-8,15,14,-0.722,4,-34,31,Chargers vs Titans,1
-12,8,-6,0.006,6,27,-28,-0.42,-478,15,1.335,5.122,-14,-38,-28,-9,-0.342,-9,-2,344,2.098,0,-9,5.7,3,0,4,3.215,-6,-35,-15,Chargers vs Vikings,0
6,-5,1,-0.722,-46,-541,115,-2.438,447,-6,-1.056,0.057,1,87,115,-8,-0.273,-20,-20,254,-2.204,0,-3,1.283,-10,0,1,-0.811,-76,-127,29,Chiefs vs Colts,1
-3,-10,-13,-1.001,-76,-829,39,-0.758,114,12,-1.368,-0.497,-17,75,39,2,-0.747,22,1,-1082,-2.174,0,6,-14.011,-10,-5,-2,-0.248,27,-60,24,Chiefs vs Commanders,1
3,9,9,0.004,21,85,6,-0.266,-46,0,-0.129,0.061,-34,-37,6,-3,0.319,-20,-44,-346,-5.019,-2,0,0.384,-19,-10,-8,-9.608,9,-57,7,Chiefs vs Cowboys,1
4,3,8,-0.029,2,-5,-9,0.243,10,5,0.813,0.332,-20,9,-9,1,-0.086,17,-9,277,-1.969,0,3,5.746,-18,-4,-5,-6.834,45,-43,31,Chiefs vs Dolphins,1
2,-14,-12,-0.93,-171,-1258,101,-1.592,529,7,-0.395,0.724,-9,152,101,5,-1.107,32,-1,-122,0.554,0,0,-4.923,-9,1,4,1.96,40,-20,25,Chiefs vs Eagles,1
5,-3,-1,-0.505,-45,-429,40,-1.751,-237,15,3.192,0.379,-5,41,40,-8,-0.919,18,-30,-31,0.702,0,1,-7.737,-11,-4,3,0.677,-21,-62,38,Chiefs vs Falcons,1
11,2,12,-0.227,26,7,38,0.395,525,-15,1.467,2.303,-18,9,38,-2,0.785,8,-28,249,-1.237,-1,8,-2.554,-12,9,9,-2.741,6,-149,18,Chiefs vs Giants,1
7,2,8,-0.198,36,61,61,-0.822,329,-6,-3.292,-1.875,-5,54,61,-4,-0.065,0,-18,432,1.379,0,7,1.013,-9,8,5,-5.331,-53,-66,44,Chiefs vs Jaguars,1
-5,7,2,-0.322,87,229,19,-0.416,30,-1,0.849,1.842,-43,-7,19,0,0.127,-8,-15,-97,-3.207,-1,6,5.275,-10,9,12,5.147,-29,-30,28,Chiefs vs Jets,1
-13,-14,-28,-0.681,-84,-698,5,-1.81,-672,17,-4.224,-3.043,-13,49,5,-1,-1.82,22,6,-3,-4.331,0,-3,-1.842,-2,8,6,-6.331,34,36,2,Chiefs vs Lions,0
-2,-8,-10,-0.767,-76,-706,96,-2.774,107,6,1.889,1.587,-18,121,96,0,-1.48,10,8,-568,-1.131,0,-4,-9.095,-8,-1,0,-0.271,2,-55,21,Chiefs vs Packers,1
4,-3,2,-0.602,40,-88,63,0.012,635,-12,0.073,2.528,-24,53,63,-4,0.507,-10,-3,-264,1.831,0,4,-2.821,-7,11,10,-0.412,-35,-178,48,Chiefs vs Panthers,1
8,4,12,-0.437,4,-179,62,0.24,703,-8,-0.011,-4.33,-17,71,62,0,0.424,7,-3,177,1.607,0,6,0.846,-20,4,6,-1.641,-1,-110,46,Chiefs vs Patriots,1
7,5,12,0.407,70,433,-6,-0.026,-71,-5,-1.005,0.125,-2,-35,-6,-5,0.26,-10,-18,130,-2.496,0,3,-5.154,-8,-3,-2,-2.272,23,-89,26,Chiefs vs Raiders,1
4,0,1,0.056,0,25,37,-1.146,-50,-1,1.008,0.959,3,41,37,2,-0.584,-4,-15,325,-0.31,0,0,-3.308,-3,3,3,-2.062,8,-121,40,Chiefs vs Rams,1
-15,-6,-23,-1.778,-104,-1399,86,-3.158,-143,7,0.314,0.221,-38,123,86,7,-2.039,23,5,-89,0.036,0,1,-0.654,-9,7,10,0.27,19,-46,-10,Chiefs vs Ravens,1
5,0,5,-0.423,6,-164,64,-0.956,316,-13,1.132,-2.639,-16,49,64,-1,-0.027,8,-14,-763,0.042,0,-1,-4.225,-6,6,5,-6.797,-33,-36,28,Chiefs vs Saints,1
5,-2,-1,-0.27,67,163,-9,-0.588,-333,-14,-1.784,2.463,-25,7,-9,-5,-0.641,29,-25,-408,-0.957,-1,0,-12.769,-11,7,6,-8.538,-7,-81,0,Chiefs vs Seahawks,1
5,1,5,-0.086,-83,-376,83,-1.222,439,-6,0.179,-0.418,-8,101,83,5,-0.485,16,5,-429,4.069,0,-4,-4.448,-12,-7,-9,-8.39,16,-51,7,Chiefs vs Steelers,1
6,0,4,-0.421,16,-119,47,-1.055,94,-15,-2.416,1.61,-25,30,47,-1,-0.19,-14,-8,-420,-4.322,0,-6,-6.628,-4,-5,-4,-5.392,16,4,14,Chiefs vs Texans,1
4,4,9,-0.144,0,-65,68,-0.762,425,-13,3.239,2.462,-38,70,68,-10,-0.089,-3,-1,-181,0.044,0,2,0.028,-18,10,7,-7.186,4,-61,45,Chiefs vs Titans,1
-9,6,-5,-0.081,-7,-65,40,-2.015,-333,5,1.006,3.07,-16,52,40,-1,-1.248,15,-9,307,2.712,0,-11,2.013,-7,-5,-3,-3.249,-6,-62,-1,Chiefs vs Vikings,1
-9,-5,-14,-0.279,-30,-288,-76,1.68,-333,18,-0.312,-0.554,-18,-12,-76,10,-0.474,42,21,-1336,0.03,0,9,-15.294,0,-5,-3,0.563,103,67,-5,Colts vs Commanders,0
-3,14,8,0.726,67,626,-109,2.172,-493,6,0.927,0.004,-35,-124,-109,5,0.592,0,-24,-600,-2.815,-2,3,-0.899,-9,-10,-9,-8.797,85,70,-22,Colts vs Cowboys,1
-2,8,7,0.693,48,536,-124,2.681,-437,11,1.869,0.275,-21,-78,-124,9,0.187,37,11,23,0.235,0,6,4.463,-8,-4,-6,-6.023,121,84,2,Colts vs Dolphins,0
-4,-9,-13,-0.208,-125,-717,-14,0.846,82,13,0.661,0.667,-10,65,-14,13,-0.834,52,19,-376,2.758,0,3,-6.206,1,1,3,2.771,116,107,-4,Colts vs Eagles,0
-1,2,-2,0.217,1,112,-75,0.687,-684,21,4.248,0.322,-6,-46,-75,0,-0.646,38,-10,-285,2.906,0,4,-9.02,-1,-4,2,1.488,55,65,9,Colts vs Falcons,0
5,7,11,0.495,72,548,-77,2.833,78,-9,2.523,2.246,-19,-78,-77,6,1.058,28,-8,-5,0.967,-1,11,-3.837,-2,9,8,-1.93,82,-22,-11,Colts vs Giants,1
1,7,7,0.524,82,602,-54,1.616,-118,0,-2.236,-1.932,-6,-33,-54,4,0.208,20,2,178,3.583,0,10,-0.27,1,8,4,-4.52,23,61,15,Colts vs Jaguars,1
-11,12,1,0.4,133,770,-96,2.022,-417,5,1.905,1.785,-44,-94,-96,8,0.4,12,5,-351,-1.003,-1,9,3.992,0,9,11,5.958,47,97,-1,Colts vs Jets,1
-19,-9,-29,0.041,-38,-157,-110,0.628,-1119,23,-3.168,-3.1,-14,-38,-110,7,-1.547,42,26,-257,-2.127,0,0,-3.125,8,8,5,-5.52,110,163,-27,Colts vs Lions,0
-8,-3,-11,-0.045,-30,-165,-19,-0.336,-340,12,2.945,1.53,-19,34,-19,8,-1.207,30,28,-822,1.073,0,-1,-10.378,2,-1,-1,0.54,78,72,-8,Colts vs Packers,0
-2,2,1,0.12,86,453,-52,2.45,188,-6,1.129,2.471,-25,-34,-52,4,0.78,10,17,-518,4.035,0,7,-4.104,3,11,9,0.399,41,-51,19,Colts vs Panthers,1
2,9,11,0.285,50,362,-53,2.678,256,-2,1.045,-4.387,-18,-16,-53,8,0.697,27,17,-77,3.811,0,9,-0.437,-10,4,5,-0.83,75,17,17,Colts vs Patriots,1
1,10,11,1.129,116,974,-121,2.412,-518,1,0.051,0.068,-3,-122,-121,3,0.533,10,2,-124,-0.292,0,6,-6.437,2,-3,-3,-1.461,99,38,-3,Colts vs Raiders,1
-2,5,0,0.778,46,566,-78,1.292,-497,5,2.064,0.902,2,-46,-78,10,-0.311,16,5,71,1.894,0,3,-4.591,7,3,2,-1.251,84,6,11,Colts vs Rams,0
-21,-1,-24,-1.056,-58,-858,-29,-0.72,-590,13,1.37,0.164,-39,36,-29,15,-1.766,43,25,-343,2.24,0,4,-1.937,1,7,9,1.081,95,81,-39,Colts vs Ravens,0
-1,5,4,0.299,52,377,-51,1.482,-131,-7,2.188,-2.696,-17,-38,-51,7,0.246,28,6,-1017,2.246,0,2,-5.508,4,6,4,-5.986,43,91,-1,Colts vs Saints,1
-1,3,-2,0.452,113,704,-124,1.85,-780,-8,-0.728,2.406,-26,-80,-124,3,-0.368,49,-5,-662,1.247,-1,3,-14.052,-1,7,5,-7.727,69,46,-29,Colts vs Seahawks,0
-1,6,4,0.636,-37,165,-32,1.216,-8,0,1.235,-0.475,-9,14,-32,13,-0.212,36,25,-683,6.273,0,-1,-5.731,-2,-7,-10,-7.579,92,76,-22,Colts vs Steelers,0
0,5,3,0.301,62,422,-68,1.383,-353,-9,-1.36,1.553,-26,-57,-68,7,0.083,6,12,-674,-2.118,0,-3,-7.911,6,-5,-5,-4.581,92,131,-15,Colts vs Texans,0
-2,9,8,0.578,46,476,-47,1.676,-22,-7,4.295,2.405,-39,-17,-47,-2,0.184,17,19,-435,2.248,0,5,-1.255,-8,10,6,-6.375,80,66,16,Colts vs Titans,1
-15,11,-6,0.641,39,476,-75,0.423,-780,11,2.062,3.013,-17,-35,-75,7,-0.975,35,11,53,4.916,0,-8,0.73,3,-5,-4,-2.438,70,65,-30,Colts vs Vikings,0
6,19,22,1.005,97,914,-33,0.492,-160,-12,1.239,0.558,-17,-112,-33,-5,1.066,-42,-45,736,-2.845,-2,-6,14.395,-9,-5,-6,-9.36,-18,3,-17,Commanders vs Cowboys,1
7,13,21,0.972,78,824,-48,1.001,-104,-7,2.181,0.829,-3,-66,-48,-1,0.661,-5,-10,1359,0.205,0,-3,19.757,-8,1,-3,-6.586,18,17,7,Commanders vs Dolphins,1
5,-4,1,0.071,-95,-429,62,-0.834,415,-5,0.973,1.221,8,77,62,3,-0.36,10,-2,960,2.728,0,-6,9.088,1,6,6,2.208,13,40,1,Commanders vs Eagles,0
8,7,12,0.496,31,400,1,-0.993,-351,3,4.56,0.876,12,-34,1,-10,-0.172,-4,-31,1051,2.876,0,-5,6.274,-1,1,5,0.925,-48,-2,14,Commanders vs Falcons,1
14,12,25,0.774,102,836,-1,1.153,411,-27,2.835,2.8,-1,-66,-1,-4,1.532,-14,-29,1331,0.937,-1,2,11.457,-2,14,11,-2.493,-21,-89,-6,Commanders vs Giants,1
10,12,21,0.803,112,890,22,-0.064,215,-18,-1.924,-1.378,12,-21,22,-6,0.682,-22,-19,1514,3.553,0,1,15.024,1,13,7,-5.083,-80,-6,20,Commanders vs Jaguars,1
-2,17,15,0.679,163,1058,-20,0.342,-84,-13,2.217,2.339,-26,-82,-20,-2,0.874,-30,-16,985,-1.033,-1,0,19.286,0,14,14,5.395,-56,30,4,Commanders vs Jets,1
-10,-4,-15,0.32,-8,131,-34,-1.052,-786,5,-2.856,-2.546,4,-26,-34,-3,-1.073,0,5,1079,-2.157,0,-9,12.169,8,13,8,-6.083,7,96,-22,Commanders vs Lions,0
1,2,3,0.234,0,123,57,-2.016,-7,-6,3.257,2.084,-1,46,57,-2,-0.733,-12,7,514,1.043,0,-10,4.916,2,4,2,-0.023,-25,5,-3,Commanders vs Packers,1
7,7,15,0.399,116,741,24,0.77,521,-24,1.441,3.025,-7,-22,24,-6,1.254,-32,-4,818,4.005,0,-2,11.19,3,16,12,-0.164,-62,-118,24,Commanders vs Panthers,1
11,14,25,0.564,80,650,23,0.998,589,-20,1.357,-3.833,0,-4,23,-2,1.171,-15,-4,1259,3.781,0,0,14.857,-10,9,8,-1.393,-28,-50,22,Commanders vs Patriots,1
10,15,25,1.408,146,1262,-45,0.732,-185,-17,0.363,0.622,15,-110,-45,-7,1.007,-32,-19,1212,-0.322,0,-3,8.857,2,2,0,-2.024,-4,-29,2,Commanders vs Raiders,1
7,10,14,1.057,76,854,-2,-0.388,-164,-13,2.376,1.456,20,-34,-2,0,0.163,-26,-16,1407,1.864,0,-6,10.703,7,8,5,-1.814,-19,-61,16,Commanders vs Rams,1
-12,4,-10,-0.777,-28,-570,47,-2.4,-257,-5,1.682,0.718,-21,48,47,5,-1.292,1,4,993,2.21,0,-5,13.357,1,12,12,0.518,-8,14,-34,Commanders vs Ravens,0
8,10,18,0.578,82,665,25,-0.198,202,-25,2.5,-2.142,1,-26,25,-3,0.72,-14,-15,319,2.216,0,-7,9.786,4,11,7,-6.549,-60,24,4,Commanders vs Saints,1
8,8,12,0.731,143,992,-48,0.17,-447,-26,-0.416,2.96,-8,-68,-48,-7,0.106,7,-26,674,1.217,-1,-6,1.242,-1,12,8,-8.29,-34,-21,-24,Commanders vs Seahawks,1
8,11,18,0.915,-7,453,44,-0.464,325,-18,1.547,0.079,9,26,44,3,0.262,-6,4,653,6.243,0,-10,9.563,-2,-2,-7,-8.142,-11,9,-17,Commanders vs Steelers,1
9,10,17,0.58,92,710,8,-0.297,-20,-27,-1.048,2.107,-8,-45,8,-3,0.557,-36,-9,662,-2.148,0,-12,7.383,6,0,-2,-5.144,-11,64,-10,Commanders vs Texans,1
7,14,22,0.857,76,764,29,-0.004,311,-25,4.607,2.959,-21,-5,29,-12,0.658,-25,-2,901,2.218,0,-4,14.039,-8,15,9,-6.938,-23,-1,21,Commanders vs Titans,1
-6,16,8,0.92,69,764,1,-1.257,-447,-7,2.374,3.567,1,-23,1,-3,-0.501,-7,-10,1389,4.886,0,-17,16.024,3,0,-1,-3.001,-33,-2,-25,Commanders vs Vikings,0
1,-6,-1,-0.033,-19,-90,-15,0.509,56,5,0.942,0.271,14,46,-15,4,-0.405,37,35,623,3.05,2,3,5.362,1,6,3,2.774,36,14,24,Cowboys vs Dolphins,0
-1,-23,-21,-0.934,-192,-1343,95,-1.326,575,7,-0.266,0.663,25,189,95,8,-1.426,52,43,224,5.573,2,0,-5.307,10,11,12,11.568,31,37,18,Cowboys vs Eagles,0
2,-12,-10,-0.509,-66,-514,34,-1.485,-191,15,3.321,0.318,29,78,34,-5,-1.238,38,14,315,5.721,2,1,-8.121,8,6,11,10.285,-30,-5,31,Cowboys vs Falcons,0
8,-7,3,-0.231,5,-78,32,0.661,571,-15,1.596,2.242,16,46,32,1,0.466,28,16,595,3.782,1,8,-2.938,7,19,17,6.867,-3,-92,11,Cowboys vs Giants,1
4,-7,-1,-0.202,15,-24,55,-0.556,375,-6,-3.163,-1.936,29,91,55,-1,-0.384,20,26,778,6.398,2,7,0.629,10,18,13,4.277,-62,-9,37,Cowboys vs Jaguars,1
-8,-2,-7,-0.326,66,144,13,-0.15,76,-1,0.978,1.781,-9,30,13,3,-0.192,12,29,249,1.812,1,6,4.891,9,19,20,14.755,-38,27,21,Cowboys vs Jets,1
-16,-23,-37,-0.685,-105,-783,-1,-1.544,-626,17,-4.095,-3.104,21,86,-1,2,-2.139,42,50,343,0.688,2,-3,-2.226,17,18,14,3.277,25,93,-5,Cowboys vs Lions,0
-5,-17,-19,-0.771,-97,-791,90,-2.508,153,6,2.018,1.526,16,158,90,3,-1.799,30,52,-222,3.888,2,-4,-9.479,11,9,8,9.337,-7,2,14,Cowboys vs Packers,0
1,-12,-7,-0.606,19,-173,57,0.278,681,-12,0.202,2.467,10,90,57,-1,0.188,10,41,82,6.85,2,4,-3.205,12,21,18,9.196,-44,-121,41,Cowboys vs Panthers,1
5,-5,3,-0.441,-17,-264,56,0.506,749,-8,0.118,-4.391,17,108,56,3,0.105,27,41,523,6.626,2,6,0.462,-1,14,14,7.967,-10,-53,39,Cowboys vs Patriots,1
4,-4,3,0.403,49,348,-12,0.24,-25,-5,-0.876,0.064,32,2,-12,-2,-0.059,10,26,476,2.523,2,3,-5.538,11,7,6,7.336,14,-32,19,Cowboys vs Raiders,1
1,-9,-8,0.052,-21,-60,31,-0.88,-4,-1,1.137,0.898,37,78,31,5,-0.903,16,29,671,4.709,2,0,-3.692,16,13,11,7.546,-1,-64,33,Cowboys vs Rams,0
-18,-15,-32,-1.782,-125,-1484,80,-2.892,-97,7,0.443,0.16,-4,160,80,10,-2.358,43,49,257,5.055,2,1,-1.038,10,17,18,9.878,10,11,-17,Cowboys vs Ravens,0
2,-9,-4,-0.427,-15,-249,58,-0.69,362,-13,1.261,-2.7,18,86,58,2,-0.346,28,30,-417,5.061,2,-1,-4.609,13,16,13,2.811,-42,21,21,Cowboys vs Saints,1
2,-11,-10,-0.274,46,78,-15,-0.322,-287,-14,-1.655,2.402,9,44,-15,-2,-0.96,49,19,-62,4.062,1,0,-13.153,8,17,14,1.07,-16,-24,-7,Cowboys vs Seahawks,0
2,-8,-4,-0.09,-104,-461,77,-0.956,485,-6,0.308,-0.479,26,138,77,8,-0.804,36,49,-83,9.088,2,-4,-4.832,7,3,-1,1.218,7,6,0,Cowboys vs Steelers,0
3,-9,-5,-0.425,-5,-204,41,-0.789,140,-15,-2.287,1.549,9,67,41,2,-0.509,6,36,-74,0.697,2,-6,-7.012,15,5,4,4.216,7,61,7,Cowboys vs Texans,0
1,-5,0,-0.148,-21,-150,62,-0.496,471,-13,3.368,2.401,-4,107,62,-7,-0.408,17,43,165,5.063,2,2,-0.356,1,20,15,2.422,-5,-4,38,Cowboys vs Titans,1
-12,-3,-14,-0.085,-28,-150,34,-1.749,-287,5,1.135,3.009,18,89,34,2,-1.567,35,35,653,7.731,2,-11,1.629,12,5,5,6.359,-15,-5,-8,Cowboys vs Vikings,0
-2,-17,-20,-0.901,-173,-1253,110,-1.835,519,2,-1.208,0.392,11,143,110,4,-1.021,15,8,-399,2.523,0,-3,-10.669,9,5,9,8.794,-5,23,-6,Dolphins vs Eagles,0
1,-6,-9,-0.476,-47,-424,49,-1.994,-247,10,2.379,0.047,15,32,49,-9,-0.833,1,-21,-308,2.671,0,-2,-13.483,7,0,8,7.511,-66,-19,7,Dolphins vs Falcons,0
7,-1,4,-0.198,24,12,47,0.152,515,-20,0.654,1.971,2,0,47,-3,0.871,-9,-19,-28,0.732,-1,5,-8.3,6,13,14,4.093,-39,-106,-13,Dolphins vs Giants,1
3,-1,0,-0.169,34,66,70,-1.065,319,-11,-4.105,-2.207,15,45,70,-5,0.021,-17,-9,155,3.348,0,4,-4.733,9,12,10,1.503,-98,-23,13,Dolphins vs Jaguars,1
-9,4,-6,-0.293,85,234,28,-0.659,20,-6,0.036,1.51,-23,-16,28,-1,0.213,-25,-6,-374,-1.238,-1,3,-0.471,8,13,17,11.981,-74,13,-3,Dolphins vs Jets,1
-17,-17,-36,-0.652,-86,-693,14,-2.053,-682,12,-5.037,-3.375,7,40,14,-2,-1.734,5,15,-280,-2.362,0,-6,-7.588,16,12,11,0.503,-11,79,-29,Dolphins vs Lions,0
-6,-11,-18,-0.738,-78,-701,105,-3.017,97,1,1.076,1.255,2,112,105,-1,-1.394,-7,17,-845,0.838,0,-7,-14.841,10,3,5,6.563,-43,-12,-10,Dolphins vs Packers,0
0,-6,-6,-0.573,38,-83,72,-0.231,625,-17,-0.74,2.196,-4,44,72,-5,0.593,-27,6,-541,3.8,0,1,-8.567,11,15,15,6.422,-80,-135,17,Dolphins vs Panthers,1
4,1,4,-0.408,2,-174,71,-0.003,693,-13,-0.824,-4.662,3,62,71,-1,0.51,-10,6,-100,3.576,0,3,-4.9,-2,8,11,5.193,-46,-67,15,Dolphins vs Patriots,1
3,2,4,0.436,68,438,3,-0.269,-81,-10,-1.818,-0.207,18,-44,3,-6,0.346,-27,-9,-147,-0.527,0,0,-10.9,10,1,3,4.562,-22,-46,-5,Dolphins vs Raiders,1
0,-3,-7,0.085,-2,30,46,-1.389,-60,-6,0.195,0.627,23,32,46,1,-0.498,-21,-6,48,1.659,0,-3,-9.054,15,7,8,4.772,-37,-78,9,Dolphins vs Rams,0
-19,-9,-31,-1.749,-106,-1394,95,-3.401,-153,2,-0.499,-0.111,-18,114,95,6,-1.953,6,14,-366,2.005,0,-2,-6.4,9,11,15,7.104,-26,-3,-41,Dolphins vs Ravens,0
1,-3,-3,-0.394,4,-159,73,-1.199,306,-18,0.319,-2.971,4,40,73,-2,0.059,-9,-5,-1040,2.011,0,-4,-9.971,12,10,10,0.037,-78,7,-3,Dolphins vs Saints,1
1,-5,-9,-0.241,65,168,0,-0.831,-343,-19,-2.597,2.131,-5,-2,0,-6,-0.555,12,-16,-685,1.012,-1,-3,-18.515,7,11,11,-1.704,-52,-38,-31,Dolphins vs Seahawks,0
1,-2,-3,-0.057,-85,-371,92,-1.465,429,-11,-0.634,-0.75,12,92,92,4,-0.399,-1,14,-706,6.038,0,-7,-10.194,6,-3,-4,-1.556,-29,-8,-24,Dolphins vs Steelers,0
2,-3,-4,-0.392,14,-114,56,-1.298,84,-20,-3.229,1.278,-5,21,56,-2,-0.104,-31,1,-697,-2.353,0,-9,-12.374,14,-1,1,1.442,-29,47,-17,Dolphins vs Texans,0
0,1,1,-0.115,-2,-60,77,-1.005,415,-18,2.426,2.13,-18,61,77,-11,-0.003,-20,8,-458,2.013,0,-1,-5.718,0,14,12,-0.352,-41,-18,14,Dolphins vs Titans,1
-13,3,-13,-0.052,-9,-60,49,-2.258,-343,0,0.193,2.738,4,43,49,-2,-1.162,-2,0,30,4.681,0,-14,-3.733,11,-1,2,3.585,-51,-19,-32,Dolphins vs Vikings,0
3,11,11,0.425,126,829,-61,-0.159,-766,8,3.587,-0.345,4,-111,-61,-13,0.188,-14,-29,91,0.148,0,1,-2.814,-2,-5,-1,-1.283,-61,-42,13,Eagles vs Falcons,1
9,16,24,0.703,197,1265,-63,1.987,-4,-22,1.862,1.579,-9,-143,-63,-7,1.892,-24,-27,371,-1.791,-1,8,2.369,-3,8,5,-4.701,-34,-129,-7,Eagles vs Giants,1
5,16,20,0.732,207,1319,-40,0.77,-200,-13,-2.897,-2.599,4,-98,-40,-9,1.042,-32,-17,554,0.825,0,7,5.936,0,7,1,-7.291,-93,-46,19,Eagles vs Jaguars,1
-7,21,14,0.608,258,1487,-82,1.176,-499,-8,1.244,1.118,-34,-159,-82,-5,1.234,-40,-14,25,-3.761,-1,6,10.198,-1,8,8,3.187,-69,-10,3,Eagles vs Jets,1
-15,0,-16,0.249,87,560,-96,-0.218,-1201,10,-3.829,-3.767,-4,-103,-96,-6,-0.713,-10,7,119,-4.885,0,-3,3.081,7,7,2,-8.291,-6,56,-23,Eagles vs Lions,0
-4,6,2,0.163,95,552,-5,-1.182,-422,-1,2.284,0.863,-9,-31,-5,-5,-0.373,-22,9,-446,-1.685,0,-4,-4.172,1,-2,-4,-2.231,-38,-35,-4,Eagles vs Packers,1
2,11,14,0.328,211,1170,-38,1.604,106,-19,0.468,1.804,-15,-99,-38,-9,1.614,-42,-2,-142,1.277,0,4,2.102,2,10,6,-2.372,-75,-158,23,Eagles vs Panthers,1
6,18,24,0.493,175,1079,-39,1.832,174,-15,0.384,-5.054,-8,-81,-39,-5,1.531,-25,-2,299,1.053,0,6,5.769,-11,3,2,-3.601,-41,-90,21,Eagles vs Patriots,1
5,19,24,1.337,241,1691,-107,1.566,-600,-12,-0.61,-0.599,7,-187,-107,-10,1.367,-42,-17,252,-3.05,0,3,-0.231,1,-4,-6,-4.232,-17,-69,1,Eagles vs Raiders,1
2,14,13,0.986,171,1283,-64,0.446,-579,-8,1.403,0.235,12,-111,-64,-3,0.523,-36,-14,447,-0.864,0,0,1.615,6,2,-1,-4.022,-32,-101,15,Eagles vs Rams,1
-17,8,-11,-0.848,67,-141,-15,-1.566,-672,0,0.709,-0.503,-29,-29,-15,2,-0.932,-9,6,33,-0.518,0,1,4.269,0,6,6,-1.69,-21,-26,-35,Eagles vs Ravens,1
3,14,17,0.507,177,1094,-37,0.636,-213,-20,1.527,-3.363,-7,-103,-37,-6,1.08,-24,-13,-641,-0.512,0,-1,0.698,3,5,1,-8.757,-73,-16,3,Eagles vs Saints,1
3,12,11,0.66,238,1421,-110,1.004,-862,-21,-1.389,1.739,-16,-145,-110,-10,0.466,-3,-24,-286,-1.511,-1,0,-7.846,-2,6,2,-10.498,-47,-61,-25,Eagles vs Seahawks,1
3,15,17,0.844,88,882,-18,0.37,-90,-13,0.574,-1.142,1,-51,-18,0,0.622,-16,6,-307,3.515,0,-4,0.475,-3,-8,-13,-10.35,-24,-31,-18,Eagles vs Steelers,1
4,14,16,0.509,187,1139,-54,0.537,-435,-22,-2.021,0.886,-16,-122,-54,-6,0.917,-46,-7,-298,-4.876,0,-6,-1.705,5,-6,-8,-7.352,-24,24,-11,Eagles vs Texans,1
2,18,21,0.786,171,1193,-33,0.83,-104,-20,3.634,1.738,-29,-82,-33,-15,1.018,-35,0,-59,-0.51,0,2,4.951,-9,9,3,-9.146,-36,-41,20,Eagles vs Titans,1
-11,20,7,0.849,164,1193,-61,-0.423,-862,-2,1.401,2.346,-7,-100,-61,-6,-0.141,-17,-8,429,2.158,0,-11,6.936,2,-6,-7,-5.209,-46,-42,-26,Eagles vs Vikings,0
6,5,13,0.278,71,436,-2,2.146,762,-30,-1.725,1.924,-13,-32,-2,6,1.704,-10,2,280,-1.939,-1,7,5.183,-1,13,6,-3.418,27,-87,-20,Falcons vs Giants,1
2,5,9,0.307,81,490,21,0.929,566,-21,-6.484,-2.254,0,13,21,4,0.854,-18,12,463,0.677,0,6,8.75,2,12,2,-6.008,-32,-4,6,Falcons vs Jaguars,1
-10,10,3,0.183,132,658,-21,1.335,267,-16,-2.343,1.463,-38,-48,-21,8,1.046,-26,15,-66,-3.909,-1,5,13.012,1,13,9,4.47,-8,32,-10,Falcons vs Jets,1
-18,-11,-27,-0.176,-39,-269,-35,-0.059,-435,2,-7.416,-3.422,-8,8,-35,7,-0.901,4,36,28,-5.033,0,-4,5.895,9,12,3,-7.008,55,98,-36,Falcons vs Lions,0
-7,-5,-9,-0.262,-31,-277,56,-1.023,344,-9,-1.303,1.208,-13,80,56,8,-0.561,-8,38,-537,-1.833,0,-5,-1.358,3,3,-3,-0.948,23,7,-17,Falcons vs Packers,0
-1,0,3,-0.097,85,341,23,1.763,872,-27,-3.119,2.149,-19,12,23,4,1.426,-28,27,-233,1.129,0,3,4.916,4,15,7,-1.089,-14,-116,10,Falcons vs Panthers,1
3,7,13,0.068,49,250,22,1.991,940,-23,-3.203,-4.709,-12,30,22,8,1.343,-11,27,208,0.905,0,5,8.583,-9,8,3,-2.318,20,-48,8,Falcons vs Patriots,1
2,8,13,0.912,115,862,-46,1.725,166,-20,-4.197,-0.254,3,-76,-46,3,1.179,-28,12,161,-3.198,0,2,2.583,3,1,-5,-2.949,44,-27,-12,Falcons vs Raiders,1
-1,3,2,0.561,45,454,-3,0.605,187,-16,-2.184,0.58,8,0,-3,10,0.335,-22,15,356,-1.012,0,-1,4.429,8,7,0,-2.739,29,-59,2,Falcons vs Rams,0
-20,-3,-22,-1.273,-59,-970,46,-1.407,94,-8,-2.878,-0.158,-33,82,46,15,-1.12,5,35,-58,-0.666,0,0,7.083,2,11,7,-0.407,40,16,-48,Falcons vs Ravens,0
0,3,6,0.082,51,265,24,0.795,553,-28,-2.06,-3.018,-11,8,24,7,0.892,-10,16,-732,-0.66,0,-2,3.512,5,10,2,-7.474,-12,26,-10,Falcons vs Saints,1
0,1,0,0.235,112,592,-49,1.163,-96,-29,-4.976,2.084,-20,-34,-49,3,0.278,11,5,-377,-1.659,-1,-1,-5.032,0,11,3,-9.215,14,-19,-38,Falcons vs Seahawks,0
0,4,6,0.419,-38,53,43,0.529,676,-21,-3.013,-0.797,-3,60,43,13,0.434,-2,35,-398,3.367,0,-5,3.289,-1,-3,-12,-9.067,37,11,-31,Falcons vs Steelers,0
1,3,5,0.084,61,310,7,0.696,331,-30,-5.608,1.231,-20,-11,7,7,0.729,-32,22,-389,-5.024,0,-7,1.109,7,-1,-7,-6.069,37,66,-24,Falcons vs Texans,0
-1,7,10,0.361,45,364,28,0.989,662,-28,0.047,2.083,-33,29,28,-2,0.83,-21,29,-150,-0.658,0,1,7.765,-7,14,4,-7.863,25,1,7,Falcons vs Titans,1
-14,9,-4,0.424,38,364,0,-0.264,-96,-10,-2.186,2.691,-11,11,0,7,-0.329,-3,21,338,2.01,0,-12,9.75,4,-1,-6,-3.926,15,0,-39,Falcons vs Vikings,0
-4,0,-4,0.029,10,54,23,-1.217,-196,9,-4.759,-4.178,13,45,23,-2,-0.85,-8,10,183,2.616,1,-1,3.567,3,-1,-4,-2.59,-59,83,26,Giants vs Jaguars,0
-16,5,-10,-0.095,61,222,-19,-0.811,-495,14,-0.618,-0.461,-25,-16,-19,2,-0.658,-16,13,-346,-1.97,0,-2,7.829,2,0,3,7.888,-35,119,10,Giants vs Jets,0
-24,-16,-40,-0.454,-110,-705,-33,-2.205,-1197,32,-5.691,-5.346,5,40,-33,1,-2.605,14,34,-252,-3.094,1,-11,0.712,10,-1,-3,-3.59,28,185,-16,Giants vs Lions,0
-13,-10,-22,-0.54,-102,-713,58,-3.169,-418,21,0.422,-0.716,0,112,58,2,-2.265,2,36,-817,0.106,1,-12,-6.541,4,-10,-9,2.47,-4,94,3,Giants vs Packers,0
-7,-5,-10,-0.375,14,-95,25,-0.383,110,3,-1.394,0.225,-6,44,25,-2,-0.278,-18,25,-513,3.068,1,-4,-0.267,5,2,1,2.329,-41,-29,30,Giants vs Panthers,0
-3,2,0,-0.21,-22,-186,24,-0.155,178,7,-1.478,-6.633,1,62,24,2,-0.361,-1,25,-72,2.844,1,-2,3.4,-8,-5,-3,1.1,-7,39,28,Giants vs Patriots,0
-4,3,0,0.634,44,426,-44,-0.421,-596,10,-2.472,-2.178,16,-44,-44,-3,-0.525,-18,10,-119,-1.259,1,-5,-2.6,4,-12,-11,0.469,17,60,8,Giants vs Raiders,0
-7,-2,-11,0.283,-26,18,-1,-1.541,-575,14,-0.459,-1.344,21,32,-1,4,-1.369,-12,13,76,0.927,1,-8,-0.754,9,-6,-6,0.679,2,28,22,Giants vs Rams,0
-26,-8,-35,-1.551,-130,-1406,48,-3.553,-668,22,-1.153,-2.082,-20,114,48,9,-2.824,15,33,-338,1.273,1,-7,1.9,3,-2,1,3.011,13,103,-28,Giants vs Ravens,0
-6,-2,-7,-0.196,-20,-171,26,-1.351,-209,2,-0.335,-4.942,2,40,26,1,-0.812,0,14,-1012,1.279,1,-9,-1.671,6,-3,-4,-4.056,-39,113,10,Giants vs Saints,0
-6,-4,-13,-0.043,41,156,-47,-0.983,-858,1,-3.251,0.16,-7,-2,-47,-3,-1.426,21,3,-657,0.28,0,-8,-10.215,1,-2,-3,-5.797,-13,68,-18,Giants vs Seahawks,0
-6,-1,-7,0.141,-109,-383,45,-1.617,-86,9,-1.288,-2.721,10,92,45,7,-1.27,8,33,-678,5.306,1,-12,-1.894,0,-16,-18,-5.649,10,98,-11,Giants vs Steelers,0
-5,-2,-8,-0.194,-10,-126,9,-1.45,-431,0,-3.883,-0.693,-7,21,9,1,-0.975,-22,20,-669,-3.085,1,-14,-4.074,8,-14,-13,-2.651,10,153,-4,Giants vs Texans,0
-7,2,-3,0.083,-26,-72,30,-1.157,-100,2,1.772,0.159,-20,61,30,-8,-0.874,-11,27,-430,1.281,1,-6,2.582,-6,1,-2,-4.445,-2,88,27,Giants vs Titans,0
-20,4,-17,0.146,-33,-72,2,-2.41,-858,20,-0.461,0.767,2,43,2,1,-2.033,7,19,58,3.949,1,-19,4.567,5,-14,-12,-0.508,-12,87,-19,Giants vs Vikings,0
-12,5,-6,-0.124,51,168,-42,0.406,-299,5,4.141,3.717,-38,-61,-42,4,0.192,-8,3,-529,-4.586,-1,-1,4.262,-1,1,7,10.478,24,36,-16,Jaguars vs Jets,0
-20,-16,-36,-0.483,-120,-759,-56,-0.988,-1001,23,-0.932,-1.168,-8,-5,-56,3,-1.755,22,24,-435,-5.71,0,-10,-2.855,7,0,1,-1.0,87,102,-42,Jaguars vs Lions,0
-9,-10,-18,-0.569,-112,-767,35,-1.952,-222,12,5.181,3.462,-13,67,35,4,-1.415,10,26,-1000,-2.51,0,-11,-10.108,1,-9,-5,5.06,55,11,-23,Jaguars vs Packers,0
-3,-5,-6,-0.404,4,-149,2,0.834,306,-6,3.365,4.403,-19,-1,2,0,0.572,-10,15,-696,0.452,0,-3,-3.834,2,3,5,4.919,18,-112,4,Jaguars vs Panthers,0
1,2,4,-0.239,-32,-240,1,1.062,374,-2,3.281,-2.455,-12,17,1,4,0.489,7,15,-255,0.228,0,-1,-0.167,-11,-4,1,3.69,52,-44,2,Jaguars vs Patriots,0
0,3,4,0.605,34,372,-67,0.796,-400,1,2.287,2.0,3,-89,-67,-1,0.325,-10,0,-302,-3.875,0,-4,-6.167,1,-11,-7,3.059,76,-23,-18,Jaguars vs Raiders,0
-3,-2,-7,0.254,-36,-36,-24,-0.324,-379,5,4.3,2.834,8,-13,-24,6,-0.519,-4,3,-107,-1.689,0,-7,-4.321,6,-5,-2,3.269,61,-55,-4,Jaguars vs Rams,0
-22,-8,-31,-1.58,-140,-1460,25,-2.336,-472,13,3.606,2.096,-33,69,25,11,-1.974,23,23,-521,-1.343,0,-6,-1.667,0,-1,5,5.601,72,20,-54,Jaguars vs Ravens,0
-2,-2,-3,-0.225,-30,-225,3,-0.134,-13,-7,4.424,-0.764,-11,-5,3,3,0.038,8,4,-1195,-1.337,0,-8,-5.238,3,-2,0,-1.466,20,30,-16,Jaguars vs Saints,0
-2,-4,-9,-0.072,31,102,-70,0.234,-662,-8,1.508,4.338,-20,-47,-70,-1,-0.576,29,-7,-840,-2.336,-1,-7,-13.782,-2,-1,1,-3.207,46,-15,-44,Jaguars vs Seahawks,0
-2,-1,-3,0.112,-119,-437,22,-0.4,110,0,3.471,1.457,-3,47,22,9,-0.42,16,23,-861,2.69,0,-11,-5.461,-3,-15,-14,-3.059,69,15,-37,Jaguars vs Steelers,0
-1,-2,-4,-0.223,-20,-180,-14,-0.233,-235,-9,0.876,3.485,-20,-24,-14,3,-0.125,-14,10,-852,-5.701,0,-13,-7.641,5,-13,-9,-0.061,69,70,-30,Jaguars vs Texans,0
-3,2,1,0.054,-36,-126,7,0.06,96,-7,6.531,4.337,-33,16,7,-6,-0.024,-3,17,-613,-1.335,0,-5,-0.985,-9,2,2,-1.855,57,5,1,Jaguars vs Titans,1
-16,4,-13,0.117,-43,-126,-21,-1.193,-662,11,4.298,4.945,-11,-2,-21,3,-1.183,15,9,-125,1.333,0,-18,1.0,2,-13,-8,2.082,47,4,-45,Jaguars vs Vikings,0
-8,-21,-30,-0.359,-171,-927,-14,-1.394,-702,18,-5.073,-4.885,30,56,-14,-1,-1.947,30,21,94,-1.124,1,-9,-7.117,8,-1,-6,-11.478,63,66,-26,Jets vs Lions,0
3,-15,-12,-0.445,-163,-935,77,-2.358,77,7,1.04,-0.255,25,128,77,0,-1.607,18,23,-471,2.076,1,-10,-14.37,2,-10,-12,-5.418,31,-25,-7,Jets vs Packers,0
9,-10,0,-0.28,-47,-317,44,0.428,605,-11,-0.776,0.686,19,60,44,-4,0.38,-2,12,-167,5.038,1,-2,-8.096,3,2,-2,-5.559,-6,-148,20,Jets vs Panthers,0
13,-3,10,-0.115,-83,-408,43,0.656,673,-7,-0.86,-6.172,26,78,43,0,0.297,15,12,274,4.814,1,0,-4.429,-10,-5,-6,-6.788,28,-80,18,Jets vs Patriots,1
12,-2,10,0.729,-17,204,-25,0.39,-101,-4,-1.854,-1.717,41,-28,-25,-5,0.133,-2,-3,227,0.711,1,-3,-10.429,2,-12,-14,-7.419,52,-59,-2,Jets vs Raiders,1
9,-7,-1,0.378,-87,-204,18,-0.73,-80,0,0.159,-0.883,46,48,18,2,-0.711,4,0,422,2.897,1,-6,-8.583,7,-6,-9,-7.209,37,-91,12,Jets vs Rams,0
-10,-13,-25,-1.456,-191,-1628,67,-2.742,-173,8,-0.535,-1.621,5,130,67,7,-2.166,31,20,8,3.243,1,-5,-5.929,1,-2,-2,-4.877,48,-16,-38,Jets vs Ravens,0
10,-7,3,-0.101,-81,-393,45,-0.54,286,-12,0.283,-4.481,27,56,45,-1,-0.154,16,1,-666,3.249,1,-7,-9.5,4,-3,-7,-11.944,-4,-6,0,Jets vs Saints,0
10,-9,-3,0.052,-20,-66,-28,-0.172,-363,-13,-2.633,0.621,18,14,-28,-5,-0.768,37,-10,-311,2.25,0,-6,-18.044,-1,-2,-6,-13.685,22,-51,-28,Jets vs Seahawks,0
10,-6,3,0.236,-170,-605,64,-0.806,409,-5,-0.67,-2.26,35,108,64,5,-0.612,24,20,-332,7.276,1,-10,-9.723,-2,-16,-21,-13.537,45,-21,-21,Jets vs Steelers,0
11,-7,2,-0.099,-71,-348,28,-0.639,64,-14,-3.265,-0.232,18,37,28,-1,-0.317,-6,7,-323,-1.115,1,-12,-11.903,6,-14,-16,-10.539,45,34,-14,Jets vs Texans,0
9,-3,7,0.178,-87,-294,49,-0.346,395,-12,2.39,0.62,5,77,49,-10,-0.216,5,14,-84,3.251,1,-4,-5.247,-8,1,-5,-12.333,33,-31,17,Jets vs Titans,1
-4,-1,-7,0.241,-94,-294,21,-1.599,-363,6,0.157,1.228,27,59,21,-1,-1.375,23,6,404,5.919,1,-17,-3.262,3,-14,-15,-8.396,23,-32,-29,Jets vs Vikings,0
11,6,18,-0.086,8,-8,91,-0.964,779,-11,6.113,4.63,-5,72,91,1,0.34,-12,2,-565,3.2,0,-1,-7.253,-6,-9,-6,6.06,-32,-91,19,Lions vs Packers,1
17,11,30,0.079,124,610,58,1.822,1307,-29,4.297,5.571,-11,4,58,-3,2.327,-32,-9,-261,6.162,0,7,-0.979,-5,3,4,5.919,-69,-214,46,Lions vs Panthers,1
21,18,40,0.244,88,519,57,2.05,1375,-25,4.213,-1.287,-4,22,57,1,2.244,-15,-9,180,5.938,0,9,2.688,-18,-4,0,4.69,-35,-146,44,Lions vs Patriots,1
20,19,40,1.088,154,1131,-11,1.784,601,-22,3.219,3.168,11,-84,-11,-4,2.08,-32,-24,133,1.835,0,6,-3.312,-6,-11,-8,4.059,-11,-125,24,Lions vs Raiders,1
17,14,29,0.737,84,723,32,0.664,622,-18,5.232,4.002,16,-8,32,3,1.236,-26,-21,328,4.021,0,3,-1.466,-1,-5,-3,4.269,-26,-157,38,Lions vs Rams,1
-2,8,5,-1.097,-20,-701,81,-1.348,529,-10,4.538,3.264,-25,74,81,8,-0.219,1,-1,-86,4.367,0,4,1.188,-7,-1,4,6.601,-15,-82,-12,Lions vs Ravens,1
18,14,33,0.258,90,534,59,0.854,988,-30,5.356,0.404,-3,0,59,0,1.793,-14,-20,-760,4.373,0,2,-2.383,-4,-2,-1,-0.466,-67,-72,26,Lions vs Saints,1
18,12,27,0.411,151,861,-14,1.222,339,-31,2.44,5.506,-12,-42,-14,-4,1.179,7,-31,-405,3.374,-1,3,-10.927,-9,-1,0,-2.207,-41,-117,-2,Lions vs Seahawks,1
18,15,33,0.595,1,322,78,0.588,1111,-23,4.403,2.625,5,52,78,6,1.335,-6,-1,-426,8.4,0,-1,-2.606,-10,-15,-15,-2.059,-18,-87,5,Lions vs Steelers,1
19,14,32,0.26,100,579,42,0.755,766,-32,1.808,4.653,-12,-19,42,0,1.63,-36,-14,-417,0.009,0,-3,-4.786,-2,-13,-10,0.939,-18,-32,12,Lions vs Texans,1
17,18,37,0.537,84,633,63,1.048,1097,-30,7.463,5.505,-25,21,63,-9,1.731,-25,-7,-178,4.375,0,5,1.87,-16,2,1,-0.855,-30,-97,43,Lions vs Titans,1
4,20,23,0.6,77,633,35,-0.205,339,-12,5.23,6.113,-3,3,35,0,0.572,-7,-15,310,7.043,0,-8,3.855,-5,-13,-9,3.082,-40,-98,-3,Lions vs Vikings,1
6,5,12,0.165,116,618,-33,2.786,528,-18,-1.816,0.941,-6,-68,-33,-4,1.987,-20,-11,304,2.962,0,8,6.274,1,12,10,-0.141,-37,-123,27,Packers vs Panthers,1
10,12,22,0.33,80,527,-34,3.014,596,-14,-1.9,-5.917,1,-50,-34,0,1.904,-3,-11,745,2.738,0,10,9.941,-12,5,6,-1.37,-3,-55,25,Packers vs Patriots,1
9,13,22,1.174,146,1139,-102,2.748,-178,-11,-2.894,-1.462,16,-156,-102,-5,1.74,-20,-26,698,-1.365,0,7,3.941,0,-2,-2,-2.001,21,-34,5,Packers vs Raiders,1
6,8,11,0.823,76,731,-59,1.628,-157,-7,-0.881,-0.628,21,-80,-59,2,0.896,-14,-23,893,0.821,0,4,5.787,5,4,3,-1.791,6,-66,19,Packers vs Rams,1
-13,2,-13,-1.011,-28,-693,-10,-0.384,-250,1,-1.575,-1.366,-20,2,-10,7,-0.559,13,-3,479,1.167,0,5,8.441,-1,8,10,0.541,17,9,-31,Packers vs Ravens,0
7,8,15,0.344,82,542,-32,1.818,209,-19,-0.757,-4.226,2,-72,-32,-1,1.453,-2,-22,-195,1.173,0,3,4.87,2,7,5,-6.526,-35,19,7,Packers vs Saints,1
7,6,9,0.497,143,869,-105,2.186,-440,-20,-3.673,0.876,-7,-114,-105,-5,0.839,19,-33,160,0.174,-1,4,-3.674,-3,8,6,-8.267,-9,-26,-21,Packers vs Seahawks,1
7,9,15,0.681,-7,330,-13,1.552,332,-12,-1.71,-2.005,10,-20,-13,5,0.995,6,-3,139,5.2,0,0,4.647,-4,-6,-9,-8.119,14,4,-14,Packers vs Steelers,1
8,8,14,0.346,92,587,-49,1.719,-13,-21,-4.305,0.023,-7,-91,-49,-1,1.29,-24,-16,148,-3.191,0,-2,2.467,4,-4,-4,-5.121,14,59,-7,Packers vs Texans,1
6,12,19,0.623,76,641,-28,2.012,318,-19,1.35,0.875,-20,-51,-28,-10,1.391,-13,-9,387,1.175,0,6,9.123,-10,11,7,-6.915,2,-6,24,Packers vs Titans,1
-7,14,5,0.686,69,641,-56,0.759,-440,-1,-0.883,1.483,2,-69,-56,-1,0.232,5,-17,875,3.843,0,-7,11.108,1,-4,-3,-2.978,-8,-7,-22,Packers vs Vikings,0
4,7,10,0.165,-36,-91,-1,0.228,68,4,-0.084,-6.858,7,18,-1,4,-0.083,17,0,441,-0.224,0,2,3.667,-13,-7,-4,-1.229,34,68,-2,Panthers vs Patriots,1
3,8,10,1.009,30,521,-69,-0.038,-706,7,-1.078,-2.403,22,-88,-69,-1,-0.247,0,-15,394,-4.327,0,-1,-2.333,-1,-14,-12,-1.86,58,89,-22,Panthers vs Raiders,1
0,3,-1,0.658,-40,113,-26,-1.158,-685,11,0.935,-1.569,27,-12,-26,6,-1.091,6,-12,589,-2.141,0,-4,-0.487,4,-8,-7,-1.65,43,57,-8,Panthers vs Rams,0
-19,-3,-25,-1.176,-144,-1311,23,-3.17,-778,19,0.241,-2.307,-14,70,23,11,-2.546,33,8,175,-1.795,0,-3,2.167,-2,-4,0,0.682,54,132,-58,Panthers vs Ravens,0
1,3,3,0.179,-34,-76,1,-0.968,-319,-1,1.059,-5.167,8,-4,1,3,-0.534,18,-11,-499,-1.789,0,-5,-1.404,1,-5,-5,-6.385,2,142,-20,Panthers vs Saints,0
1,1,-3,0.332,27,251,-72,-0.6,-968,-2,-1.857,-0.065,-1,-46,-72,-1,-1.148,39,-22,-144,-2.788,-1,-4,-9.948,-4,-4,-4,-8.126,28,97,-48,Panthers vs Seahawks,0
1,4,3,0.516,-123,-288,20,-1.234,-196,6,0.106,-2.946,16,48,20,9,-0.992,26,8,-165,2.238,0,-8,-1.627,-5,-18,-19,-7.978,51,127,-41,Panthers vs Steelers,0
2,3,2,0.181,-24,-31,-16,-1.067,-541,-3,-2.489,-0.918,-1,-23,-16,3,-0.697,-4,-5,-156,-6.153,0,-10,-3.807,3,-16,-14,-4.98,51,182,-34,Panthers vs Texans,0
0,7,7,0.458,-40,23,5,-0.774,-210,-1,3.166,-0.066,-14,17,5,-6,-0.596,7,2,83,-1.787,0,-2,2.849,-11,-1,-3,-6.774,39,117,-3,Panthers vs Titans,1
-13,9,-7,0.521,-47,23,-23,-2.027,-968,17,0.933,0.542,8,-1,-23,3,-1.755,25,-6,571,0.881,0,-15,4.834,0,-16,-13,-2.837,29,116,-49,Panthers vs Vikings,0
-1,1,0,0.844,66,612,-68,-0.266,-774,3,-0.994,4.455,15,-106,-68,-5,-0.164,-17,-15,-47,-4.103,0,-3,-6.0,12,-7,-8,-0.631,24,21,-20,Patriots vs Raiders,0
-4,-4,-11,0.493,-4,204,-25,-1.386,-753,7,1.019,5.289,20,-30,-25,2,-1.008,-11,-12,148,-1.917,0,-6,-4.154,17,-1,-3,-0.421,9,-11,-6,Patriots vs Rams,0
-23,-10,-35,-1.341,-108,-1220,24,-3.398,-846,15,0.325,4.551,-21,52,24,7,-2.463,16,8,-266,-1.571,0,-5,-1.5,11,3,4,1.911,20,64,-56,Patriots vs Ravens,0
-3,-4,-7,0.014,2,15,2,-1.196,-387,-5,1.143,1.691,1,-22,2,-1,-0.451,1,-11,-940,-1.565,0,-7,-5.071,14,2,-1,-5.156,-32,74,-18,Patriots vs Saints,0
-3,-6,-13,0.167,63,342,-71,-0.828,-1036,-6,-1.773,6.793,-8,-64,-71,-5,-1.065,22,-22,-585,-2.564,-1,-6,-13.615,9,3,0,-6.897,-6,29,-46,Patriots vs Seahawks,0
-3,-3,-7,0.351,-87,-197,21,-1.462,-264,2,0.19,3.912,9,30,21,5,-0.909,9,8,-606,2.462,0,-10,-5.294,8,-11,-15,-6.749,17,59,-39,Patriots vs Steelers,0
-2,-4,-8,0.016,12,60,-15,-1.295,-609,-7,-2.405,5.94,-8,-41,-15,-1,-0.614,-21,-5,-597,-5.929,0,-12,-7.474,16,-9,-10,-3.751,17,114,-32,Patriots vs Texans,0
-4,0,-3,0.293,-4,114,6,-1.002,-278,-5,3.25,6.792,-21,-1,6,-10,-0.513,-10,2,-358,-1.563,0,-4,-0.818,2,6,1,-5.545,5,49,-1,Patriots vs Titans,1
-17,2,-17,0.356,-11,114,-22,-2.255,-1036,13,1.017,7.4,1,-19,-22,-1,-1.672,8,-6,130,1.105,0,-17,1.167,13,-9,-9,-1.608,-5,48,-47,Patriots vs Vikings,0
-3,-5,-11,-0.351,-70,-408,43,-1.12,21,4,2.013,0.834,5,76,43,7,-0.844,6,3,195,2.186,0,-3,1.846,5,6,5,0.21,-15,-32,14,Raiders vs Rams,0
-22,-11,-35,-2.185,-174,-1832,92,-3.132,-72,12,1.319,0.096,-36,158,92,12,-2.299,33,23,-219,2.532,0,-2,4.5,-1,10,12,2.542,-4,43,-36,Raiders vs Ravens,0
-2,-5,-7,-0.83,-64,-597,70,-0.93,387,-8,2.137,-2.764,-14,84,70,4,-0.287,18,4,-893,2.538,0,-4,0.929,2,9,7,-4.525,-56,53,2,Raiders vs Saints,0
-2,-7,-13,-0.677,-3,-270,-3,-0.562,-262,-9,-0.779,2.338,-23,42,-3,0,-0.901,39,-7,-538,1.539,-1,-3,-7.615,-3,10,8,-6.266,-30,8,-26,Raiders vs Seahawks,0
-2,-4,-7,-0.493,-153,-809,89,-1.196,510,-1,1.184,-0.543,-6,136,89,10,-0.745,26,23,-559,6.565,0,-7,0.706,-4,-4,-7,-6.118,-7,38,-19,Raiders vs Steelers,0
-1,-5,-8,-0.828,-54,-552,53,-1.029,165,-10,-1.411,1.485,-23,65,53,4,-0.45,-4,10,-550,-1.826,0,-9,-1.474,4,-2,-2,-3.12,-7,93,-12,Raiders vs Texans,0
-3,-1,-3,-0.551,-70,-498,74,-0.736,496,-8,4.244,2.337,-36,105,74,-5,-0.349,7,17,-311,2.54,0,-1,5.182,-10,13,9,-4.914,-19,28,19,Raiders vs Titans,1
-16,1,-17,-0.488,-77,-498,46,-1.989,-262,10,2.011,2.945,-14,87,46,4,-1.508,25,9,177,5.208,0,-14,7.167,1,-2,-1,-0.977,-29,27,-27,Raiders vs Vikings,0
-19,-6,-24,-1.834,-104,-1424,49,-2.012,-93,8,-0.694,-0.738,-41,82,49,5,-1.455,27,20,-414,0.346,0,1,2.654,-6,4,7,2.332,11,75,-50,Rams vs Ravens,0
1,0,4,-0.479,6,-189,27,0.19,366,-12,0.124,-3.598,-19,8,27,-3,0.557,12,1,-1088,0.352,0,-1,-0.917,-3,3,2,-4.735,-41,85,-12,Rams vs Saints,1
1,-2,-2,-0.326,67,138,-46,0.558,-283,-13,-2.792,1.504,-28,-34,-46,-7,-0.057,33,-10,-733,-0.647,-1,0,-9.461,-8,4,3,-6.476,-15,40,-40,Rams vs Seahawks,0
1,1,4,-0.142,-83,-401,46,-0.076,489,-5,-0.829,-1.377,-11,60,46,3,0.099,20,20,-754,4.379,0,-4,-1.14,-9,-10,-12,-6.328,8,70,-33,Rams vs Steelers,0
2,0,3,-0.477,16,-144,10,0.091,144,-14,-3.424,0.651,-28,-11,10,-3,0.394,-10,7,-745,-4.012,0,-6,-3.32,-1,-8,-7,-3.33,8,125,-26,Rams vs Texans,0
0,4,8,-0.2,0,-90,31,0.384,475,-12,2.231,1.503,-41,29,31,-12,0.495,1,14,-506,0.354,0,2,3.336,-15,7,4,-5.124,-4,60,5,Rams vs Titans,1
-13,6,-6,-0.137,-7,-90,3,-0.869,-283,6,-0.002,2.111,-19,11,3,-3,-0.664,19,6,-18,3.022,0,-11,5.321,-4,-8,-6,-1.187,-14,59,-41,Rams vs Vikings,0
20,6,28,1.355,110,1235,-22,2.202,459,-20,0.818,-2.86,22,-74,-22,-8,2.012,-15,-19,-674,0.006,0,-2,-3.571,3,-1,-5,-7.067,-52,10,38,Ravens vs Saints,1
20,4,22,1.508,171,1562,-95,2.57,-190,-21,-2.098,2.242,13,-116,-95,-12,1.398,6,-30,-319,-0.993,-1,-1,-12.115,-2,0,-4,-8.808,-26,-35,10,Ravens vs Seahawks,1
20,7,28,1.692,21,1023,-3,1.936,582,-13,-0.135,-0.639,30,-22,-3,-2,1.554,-7,0,-340,4.033,0,-5,-3.794,-3,-14,-19,-8.66,-3,-5,17,Ravens vs Steelers,1
21,6,27,1.357,120,1280,-39,2.103,237,-22,-2.73,1.389,13,-93,-39,-8,1.849,-37,-13,-331,-4.358,0,-7,-5.974,5,-12,-14,-5.662,-3,50,24,Ravens vs Texans,1
19,10,32,1.634,104,1334,-18,2.396,568,-20,2.925,2.241,0,-53,-18,-17,1.95,-26,-6,-92,0.008,0,1,0.682,-9,3,-3,-7.456,-15,-15,55,Ravens vs Titans,1
6,12,18,1.697,97,1334,-46,1.143,-190,-2,0.692,2.849,22,-71,-46,-8,0.791,-8,-14,396,2.676,0,-12,2.667,2,-12,-13,-3.519,-25,-16,9,Ravens vs Vikings,0
0,-2,-6,0.153,61,327,-73,0.368,-649,-1,-2.916,5.102,-9,-42,-73,-4,-0.614,21,-11,355,-0.999,-1,1,-8.544,-5,1,1,-1.741,26,-45,-28,Saints vs Seahawks,0
0,1,0,0.337,-89,-212,19,-0.266,123,7,-0.953,2.221,8,52,19,6,-0.458,8,19,334,4.027,0,-3,-0.223,-6,-13,-14,-1.593,49,-15,-21,Saints vs Steelers,0
1,0,-1,0.002,10,45,-17,-0.099,-222,-2,-3.548,4.249,-9,-19,-17,0,-0.163,-22,6,343,-4.364,0,-5,-2.403,2,-11,-9,1.405,49,40,-14,Saints vs Texans,0
-1,4,4,0.279,-6,99,4,0.194,109,0,2.107,5.101,-22,21,4,-9,-0.062,-11,13,582,0.002,0,3,4.253,-12,4,2,-0.389,37,-25,17,Saints vs Titans,1
-14,6,-10,0.342,-13,99,-24,-1.059,-649,18,-0.126,5.709,0,3,-24,0,-1.221,7,5,1070,2.67,0,-10,6.238,-1,-11,-8,3.548,27,-26,-29,Saints vs Vikings,0
0,3,6,0.184,-150,-539,92,-0.634,772,8,1.963,-2.881,17,94,92,10,0.156,-13,30,-21,5.026,1,-4,8.321,-1,-14,-15,0.148,23,30,7,Seahawks vs Steelers,0
1,2,5,-0.151,-51,-282,56,-0.467,427,-1,-0.632,-0.853,0,23,56,4,0.451,-43,17,-12,-3.365,1,-6,6.141,7,-12,-10,3.146,23,85,14,Seahawks vs Texans,0
-1,6,10,0.126,-67,-228,77,-0.174,758,1,5.023,-0.001,-13,63,77,-5,0.552,-32,24,227,1.001,1,2,12.797,-7,3,1,1.352,11,20,45,Seahawks vs Titans,1
-14,8,-4,0.189,-74,-228,49,-1.427,0,19,2.79,0.607,9,45,49,4,-0.607,-14,16,715,3.669,1,-11,14.782,4,-12,-9,5.289,1,19,-1,Seahawks vs Vikings,0
1,-1,-1,-0.335,99,257,-36,0.167,-345,-9,-2.595,2.028,-17,-71,-36,-6,0.295,-30,-13,9,-8.391,0,-2,-2.18,8,2,5,2.998,0,55,7,Steelers vs Texans,0
-1,3,4,-0.058,83,311,-15,0.46,-14,-7,3.06,2.88,-30,-31,-15,-15,0.396,-19,-6,248,-4.025,0,6,4.476,-6,17,16,1.204,-12,-10,38,Steelers vs Titans,1
-14,5,-10,0.005,76,311,-43,-0.793,-772,11,0.827,3.488,-8,-49,-43,-6,-0.763,-1,-14,736,-1.357,0,-7,6.461,5,2,6,5.141,-22,-11,-8,Steelers vs Vikings,0
-2,4,5,0.277,-16,54,21,0.293,331,2,5.655,0.852,-13,40,21,-9,0.101,11,7,239,4.366,0,8,6.656,-14,15,11,-1.794,-12,-65,31,Texans vs Titans,1
-15,6,-9,0.34,-23,54,-7,-0.96,-427,20,3.422,1.46,9,22,-7,0,-1.058,29,-1,727,7.034,0,-5,8.641,-3,0,1,2.143,-22,-66,-15,Texans vs Vikings,0
-13,2,-14,0.063,-7,0,-28,-1.253,-758,18,-2.233,0.608,22,-18,-28,9,-1.159,18,-8,488,2.668,0,-13,1.985,11,-15,-10,3.937,-10,-1,-46,Titans vs Vikings,0
